{"type":"FeatureCollection","name":"TerraSync Ames offline street map","attribution":"Road data: U.S. Census Bureau TIGER/Line","bounds":{"south":42.003,"west":-93.674,"north":42.043,"east":-93.623},"generatedAt":"2026-09-14T01:40:19.391Z","features":[{"type":"Feature","properties":{"kind":"road","class":"primary","name":"US Hwy 30","code":"S1100"},"geometry":{"type":"LineString","coordinates":[[-93.56431200033259,42.00807600026136],[-93.56505600032226,42.008022999910615],[-93.5674809997368,42.00783200016948],[-93.5687069997753,42.00774599990308],[-93.56996799997391,42.007657999696434],[-93.57030600008272,42.007634999713396],[-93.57097899992729,42.007594999868175],[-93.57126500015755,42.00757600018319],[-93.57202599986567,42.007524999911624],[-93.57245400038614,42.00749499981131],[-93.57872099994776,42.007068000142915],[-93.58051400042393,42.006939000153025],[-93.58088099994673,42.00691300013889],[-93.58119499976608,42.0068899998865],[-93.58638099995247,42.00651900026759],[-93.59181400001103,42.006135999922506],[-93.59265400026017,42.00607699966964],[-93.59425799969213,42.005951000156955],[-93.59575700044044,42.005831999980174],[-93.59747200020048,42.005722999673395],[-93.59990500001095,42.005567999730026],[-93.60139600036334,42.00545599979866],[-93.60300300016836,42.005352999872514],[-93.60411600022897,42.00526199984437],[-93.60535300013814,42.005178999961934],[-93.60635999989354,42.005108000065015],[-93.60785799991861,42.00501000001138],[-93.60961299986164,42.00486000011371],[-93.60976099999964,42.00484999988546],[-93.60987200032773,42.00484300019199],[-93.61016799970542,42.004823999685115],[-93.61122700023768,42.00475499997492],[-93.61277499959316,42.00466399975898],[-93.6145940000086,42.004530999722675],[-93.6165299997016,42.004415000116545],[-93.61751499971567,42.00432500004622],[-93.61816699964385,42.004279000331955],[-93.61957699980537,42.00417100000146],[-93.62261999971119,42.003978000103956],[-93.62273799971197,42.00396899970705],[-93.62394299983409,42.003878999673375],[-93.62431100008011,42.00385299974378],[-93.62519900000983,42.00379000015279],[-93.62723500016025,42.003637000123376],[-93.62867000043614,42.00353999978326],[-93.62965299990209,42.003467000104216],[-93.63071499990907,42.00338899977851],[-93.63138199990586,42.0033310002959],[-93.63194000012268,42.00329299970845],[-93.63329800040567,42.003201000089575],[-93.63381899991428,42.00316500005733],[-93.63509299963336,42.00308899999662],[-93.63758999991623,42.00291799986187],[-93.63936800032378,42.00277300031666],[-93.6395299998072,42.00276299976034],[-93.6395940002796,42.002758999804435],[-93.6413750001619,42.00265800016615],[-93.6419529995719,42.00265200022224],[-93.64310800036361,42.00271700025189],[-93.64369599981936,42.002815999820335],[-93.6445500003122,42.003001000023716],[-93.64562300018983,42.003345000014704],[-93.64587400026,42.00344399994108],[-93.64632600017161,42.003636000148134],[-93.64681900009111,42.00386899995849],[-93.64716800007058,42.00406899996598],[-93.64743400020934,42.00422800008751],[-93.64818700041985,42.00471199977903],[-93.64848199997265,42.00489000012153],[-93.64879900016506,42.00510400025653],[-93.64900199965632,42.00523499986229],[-93.64919300035035,42.005349000079384],[-93.64928399968862,42.005402999935235],[-93.64963799969095,42.00559700012715],[-93.64979000002691,42.005680000131754],[-93.64988799993621,42.005722999673395],[-93.65013499980842,42.00583100003943],[-93.65054599971215,42.006025000261246],[-93.6510560002484,42.00620899987686],[-93.65114199956382,42.00623999985037],[-93.6511979996403,42.00625800000038],[-93.65165499957479,42.006405000144454],[-93.65189499977431,42.00646799981616],[-93.6520420000874,42.006505999842275],[-93.65255699974823,42.006589999924856],[-93.6527889995518,42.006641000278464],[-93.6531969999808,42.00669199992368],[-93.65365100044056,42.00673699996937],[-93.65427499988132,42.006769000279135],[-93.6548499998166,42.00677599976066],[-93.65644099972809,42.00677599976066],[-93.6573920003053,42.00678499976047],[-93.65893399981299,42.006779000205746],[-93.66006199994222,42.0067679996856],[-93.66065399959592,42.00677200005704],[-93.66203000032058,42.006791999907755],[-93.66479600021697,42.00676200012928],[-93.6663390004479,42.00676499990751],[-93.66860499985377,42.006781000057366],[-93.66872500040269,42.00678199998318],[-93.66877899993104,42.00678199998318],[-93.66949600015653,42.00676300005539],[-93.6710579997557,42.00677299998295],[-93.67178699967675,42.00678399983471],[-93.6725780004204,42.0068389997325],[-93.67398900040685,42.00703999967056],[-93.67468499981763,42.00717999990644],[-93.675695999771,42.007404000177],[-93.67818600038116,42.00816499979381],[-93.67860300013268,42.008284000279154],[-93.67875100027068,42.00833099966909],[-93.67886599989842,42.0083740000889],[-93.67893700004352,42.008401999974055],[-93.67940999987155,42.00853499992784],[-93.67966199976662,42.00860600000513],[-93.68085199982012,42.00895900008725],[-93.68283199989405,42.00956899977005],[-93.68345100021025,42.009738000291975],[-93.68459600005791,42.01010500033347],[-93.68522100022189,42.010279000120605],[-93.6862360003732,42.01058499990372],[-93.68731099990066,42.01091000024699],[-93.68858499961976,42.01128799994171],[-93.68959200027348,42.01159199984275],[-93.69059499983092,42.01190500023621],[-93.69136300011003,42.01213900030676],[-93.69267199998922,42.0125189997111],[-93.693262999818,42.01270900023057],[-93.6947769997366,42.013155999930895],[-93.69550599965767,42.013385000293994],[-93.69703299999506,42.0138370003251],[-93.6979860002221,42.014130999953075],[-93.69869000002879,42.01434300009009]]}},{"type":"Feature","properties":{"kind":"road","class":"primary","name":"US Hwy 30","code":"S1100"},"geometry":{"type":"LineString","coordinates":[[-93.69869300040185,42.014576000064665],[-93.69548999976415,42.01361600013685],[-93.69432900002295,42.01327300010869],[-93.69282699979992,42.01280999993138],[-93.69157300017231,42.01244200030854],[-93.6886859999021,42.011568999947144],[-93.68816500039351,42.01141100000421],[-93.68589300024153,42.01074700001744],[-93.68559299976756,42.01065599969533],[-93.68269399980177,42.00977100030594],[-93.6809849998895,42.009264000326084],[-93.67886900027148,42.008646999778605],[-93.67875499957033,42.00861399984905],[-93.6786109996303,42.00856700000065],[-93.67813000030466,42.008408999943455],[-93.67630199966838,42.00785400017236],[-93.6749290002151,42.00746900002444],[-93.67436900034843,42.007347000266385],[-93.67383399969783,42.007236999966686],[-93.67339000018214,42.00717999990644],[-93.6731829995946,42.00715000031094],[-93.67308800005836,42.00713700001458],[-93.67268200017747,42.007078999943666],[-93.67207700010499,42.00703699990529],[-93.67127000036614,42.006992999994345],[-93.67028899965169,42.00697300020678],[-93.66872799987742,42.00697400012957],[-93.6686070004019,42.0069750000523],[-93.66631699980826,42.00698499994658],[-93.66546800023661,42.006977999820485],[-93.66228700023852,42.00698000033337],[-93.65902900024756,42.00700399980806],[-93.65892299994233,42.00700100004111],[-93.6586240001916,42.00699399991677],[-93.65688900034007,42.00700399980806],[-93.65551000014067,42.0069879997143],[-93.65487099973299,42.006992000071854],[-93.65430199964551,42.00697599997506],[-93.65361000043269,42.006946000283364],[-93.65300600018512,42.00688199982578],[-93.65248399995329,42.00681299967754],[-93.65184999956846,42.006672999969005],[-93.65140799970258,42.006562999838884],[-93.65110999977676,42.0064559999789],[-93.65059799959069,42.00626600013957],[-93.65049499965852,42.00622799997011],[-93.64988499956316,42.00597000032725],[-93.6497959998747,42.00592599967835],[-93.6496479997367,42.00585200012644],[-93.64920699969574,42.005631000230586],[-93.64885600006647,42.005435000248525],[-93.64852299998053,42.00519699974454],[-93.64801800036545,42.00486100006971],[-93.64753899979135,42.004541000001105],[-93.64717999976614,42.00433299976093],[-93.64675999964156,42.00410000031474],[-93.64593399963614,42.00372199996262],[-93.64565300032706,42.003611000094885],[-93.64521800013387,42.00343800007129],[-93.64467300033583,42.003254999765915],[-93.64441499969467,42.0031759998654],[-93.64390599988164,42.00307900015758],[-93.64345300014512,42.00298800021461],[-93.64309199957178,42.00293800025662],[-93.64267399999534,42.00289000023326],[-93.6419600001429,42.00284800009969],[-93.64139699990321,42.00284900008726],[-93.63959299955637,42.00297099979275],[-93.63952499978431,42.002975999720974],[-93.63936999997362,42.00298800021461],[-93.63864900044847,42.00304699999441],[-93.63622699961036,42.00320599999971],[-93.63496499958684,42.00330000024001],[-93.63314900044276,42.003422999726844],[-93.63174699977883,42.00351900026826],[-93.63120000033096,42.00355600007667],[-93.62963100016078,42.00367399986317],[-93.629032999761,42.0037190000409],[-93.62701800042527,42.00386200015709],[-93.62660900017136,42.00389099999676],[-93.62616099955937,42.00392800025639],[-93.62511100014628,42.00401399967615],[-93.62427900029307,42.00406700002912],[-93.62405400016218,42.00408200022178],[-93.62387099986407,42.004092999871276],[-93.62365999997688,42.00410700008997],[-93.62273000021436,42.00417000003461],[-93.62171000004017,42.00424100031076],[-93.62086700031631,42.00430500008747],[-93.61956699975963,42.00438799977506],[-93.6180720001076,42.00447699979424],[-93.61711600040583,42.004564999728295],[-93.61576099959755,42.00468099972848],[-93.61538599967884,42.00469900031957],[-93.61437899992345,42.004747000313216],[-93.61357800003236,42.004820999815365],[-93.61237999958294,42.004888000210464],[-93.61115600009256,42.00496200021609],[-93.61048300024801,42.0050070001504],[-93.61016799970542,42.00503200032266],[-93.60988999987109,42.005053999958776],[-93.60975500015186,42.0050630002022],[-93.6087779996354,42.005132000245894],[-93.60715499993682,42.00525400024642],[-93.60528299981793,42.00538400026314],[-93.60503000009794,42.0054019999878],[-93.60410299981018,42.005475000116796],[-93.60342900014071,42.00553600015122],[-93.60331399961467,42.00554700021686],[-93.60146099976235,42.00566099987485],[-93.60043499974037,42.00573800014311],[-93.59994500019393,42.00577400005451],[-93.5957969997251,42.006038000117314],[-93.59437300021817,42.00615100029489],[-93.59269400044313,42.006282999681],[-93.59046499994886,42.006442000277104],[-93.58640699989172,42.0067270000361],[-93.58119999978896,42.00709899969786],[-93.58045199960132,42.00715300007087],[-93.58031699988213,42.00716299993712],[-93.579696999741,42.00720699973055],[-93.57706899993688,42.00739800001318],[-93.57314999979693,42.007683000161975],[-93.57308200002485,42.007686999808314],[-93.57194700022293,42.0077650002048],[-93.57126500015755,42.00781199997817],[-93.57098099957712,42.007831000260175],[-93.5697689997823,42.00791300011224],[-93.5686709997903,42.00798799984369],[-93.56437099988382,42.00828099990505]]}},{"type":"Feature","properties":{"kind":"road","class":"local","name":"N Oak Ave","code":"S1400"},"geometry":{"type":"LineString","coordinates":[[-93.62364300025843,42.02287499971401],[-93.62363700041065,42.02348300007508],[-93.6236559997789,42.024056999714496],[-93.62367300039566,42.0246409999655],[-93.62368400026631,42.024967999832725]]}},{"type":"Feature","properties":{"kind":"road","class":"local","name":"S Sheldon Ave","code":"S1400"},"geometry":{"type":"LineString","coordinates":[[-93.65422100035295,42.022751999799894],[-93.65421899980483,42.0226859998781],[-93.65421899980483,42.02267199974431],[-93.65421899980483,42.02264899985154],[-93.654209999584,42.0220229998357],[-93.65420799993417,42.02184799978757],[-93.6542179999799,42.021106000025746],[-93.6542179999799,42.020942000196136],[-93.65420200008639,42.02037699987616],[-93.65420100026148,42.0201620000185],[-93.65419000039081,42.01913199978982]]}},{"type":"Feature","properties":{"kind":"road","class":"local","name":"Toronto St","code":"S1400"},"geometry":{"type":"LineString","coordinates":[[-93.66961300033239,42.03528599997724],[-93.66961199960916,42.03535999997823],[-93.66963800044674,42.0354260000867],[-93.66970500039389,42.035465999775376],[-93.66981400017384,42.03549200012663],[-93.67092700023446,42.03560500001568],[-93.67226200005292,42.03574199967664],[-93.67378000016947,42.03591600004275],[-93.67592699974966,42.036158000212296],[-93.67706800029768,42.036272999843035],[-93.67819999972654,42.03640199971497],[-93.67878800008062,42.03643399977714]]}},{"type":"Feature","properties":{"kind":"road","class":"local","name":"Ontario Cir","code":"S1400"},"geometry":{"type":"LineString","coordinates":[[-93.65812000040144,42.03462699984718],[-93.65816100040934,42.03465400002927],[-93.65820099969397,42.034670999989764],[-93.65825400029574,42.03470600005112],[-93.65827100001418,42.03473800030003],[-93.65828400043297,42.034780000060216],[-93.65826099996845,42.0348539999831],[-93.65823400020427,42.03487599997965],[-93.65820499989195,42.03489199972968],[-93.65814700016561,42.03490199990505],[-93.65810399960961,42.03490400020682],[-93.65807199982255,42.03490000027043],[-93.65804300040855,42.0348839998552],[-93.65802099976892,42.03486400016445],[-93.65800400005048,42.034837000071555],[-93.6579970003778,42.03476800022688],[-93.65801999994402,42.03470600005112],[-93.65803300036282,42.03468500015008],[-93.65805400027922,42.03466400024209],[-93.65812000040144,42.03462699984718]]}},{"type":"Feature","properties":{"kind":"road","class":"local","name":"Howard Ave","code":"S1400"},"geometry":{"type":"LineString","coordinates":[[-93.65845299958906,42.022749999783066],[-93.6584690003809,42.023764000254204],[-93.65847400040377,42.02432800019067],[-93.65850500036592,42.025113000170194]]}},{"type":"Feature","properties":{"kind":"road","class":"local","name":"Bruner Dr","code":"S1400"},"geometry":{"type":"LineString","coordinates":[[-93.64133400015402,42.03931300002083],[-93.64137799963663,42.03927699974596],[-93.64157600000334,42.03923699978722],[-93.64264600040624,42.03915200004162],[-93.64349800035095,42.03909000013971]]}},{"type":"Feature","properties":{"kind":"road","class":"local","name":"West St","code":"S1400"},"geometry":{"type":"LineString","coordinates":[[-93.65428099972911,42.025351000228255],[-93.6556540000807,42.02536900030854],[-93.65701700038657,42.02532999990569],[-93.65757200023036,42.02531399975057],[-93.65791700001186,42.02516300004884],[-93.65850500036592,42.025113000170194],[-93.65883199970575,42.025089000187826],[-93.6590829997759,42.02502800021956],[-93.65943599995333,42.024954000201404],[-93.65961300040365,42.024915999852006],[-93.66012999971429,42.0249329997477],[-93.66124500032304,42.02495600014891],[-93.66162000024175,42.02497300003392],[-93.6618289995808,42.024982999767914],[-93.66300899958858,42.02496599988554],[-93.6632220000239,42.024965000245636],[-93.66344100030702,42.024952000253826],[-93.66397699988423,42.02492100005729],[-93.66483700022485,42.024915000211266],[-93.66540299993929,42.0249049997993],[-93.66617000039348,42.024913999903234]]}},{"type":"Feature","properties":{"kind":"road","class":"local","name":"9th St","code":"S1400"},"geometry":{"type":"LineString","coordinates":[[-93.62702500009797,42.03044899997374],[-93.62724400038107,42.03047899992321],[-93.62733499971935,42.030477999702676],[-93.62737999992521,42.03046899971921]]}},{"type":"Feature","properties":{"kind":"road","class":"local","name":"Agg Ave","code":"S1400"},"geometry":{"type":"LineString","coordinates":[[-93.64108499973366,42.016769000035175],[-93.64100600009095,42.01649299984441],[-93.6409190000523,42.01631100016111],[-93.64082399961777,42.01620799979053],[-93.64069700029447,42.01613599974341],[-93.64058500014148,42.01605200025285]]}},{"type":"Feature","properties":{"kind":"road","class":"local","name":"Lettie St","code":"S1400"},"geometry":{"type":"LineString","coordinates":[[-93.65911700011111,42.0215129996676],[-93.6592009997767,42.02151499972335],[-93.65984400038232,42.02150599980563],[-93.65998499994933,42.02150399974959],[-93.66158599990656,42.02153100016715]]}},{"type":"Feature","properties":{"kind":"road","class":"local","code":"S1400"},"geometry":{"type":"LineString","coordinates":[[-93.6366800002452,42.00632400028417],[-93.63632200004493,42.00634600014105],[-93.6358340001483,42.006342999675546]]}},{"type":"Feature","properties":{"kind":"road","class":"local","name":"S 4th St","code":"S1400"},"geometry":{"type":"LineString","coordinates":[[-93.6306179998247,42.016538000298205],[-93.63079199990196,42.01643099986409],[-93.63097600002499,42.01635500030095],[-93.6313939996014,42.016284000196706],[-93.63217799977407,42.01623000023356],[-93.63233799960761,42.016225000012184],[-93.63274900040969,42.016236000231764],[-93.633680999822,42.01623300023274],[-93.63407599983222,42.01623100001085],[-93.63450099997965,42.016236000231764],[-93.63492899960183,42.01628899974603]]}},{"type":"Feature","properties":{"kind":"road","class":"local","name":"Hawthorne Ct Dr","code":"S1400"},"geometry":{"type":"LineString","coordinates":[[-93.64332400027368,42.033952000240774],[-93.64333000012145,42.03382800023844]]}},{"type":"Feature","properties":{"kind":"road","class":"local","code":"S1400"},"geometry":{"type":"LineString","coordinates":[[-93.64097000010594,42.02348100008123],[-93.64107399986302,42.023497000030254],[-93.64116299955147,42.02355699980337],[-93.64124600029047,42.02364500003546],[-93.64123200004676,42.02449999980994],[-93.64124000044269,42.024571999729694]]}},{"type":"Feature","properties":{"kind":"road","class":"local","code":"S1400"},"geometry":{"type":"LineString","coordinates":[[-93.66704200042967,42.024213999953815],[-93.66615600014978,42.024194000242396],[-93.66617000039348,42.024913999903234]]}},{"type":"Feature","properties":{"kind":"road","class":"local","name":"Little Blue Stem Ct","code":"S1400"},"geometry":{"type":"LineString","coordinates":[[-93.64733700012499,42.00986500019126],[-93.64738999982842,42.009931000070345],[-93.6474729996691,42.010061999748814],[-93.64748600008791,42.01015599987155],[-93.6474590003237,42.01022899988527],[-93.64739800022433,42.010286999754136],[-93.64730500033794,42.01033000018668],[-93.64723199964469,42.01033299979666],[-93.64716600042075,42.010327999779136],[-93.64708799970462,42.01026999994767],[-93.64706799961316,42.0102220001162],[-93.64706699978824,42.01016699980584],[-93.64709000025277,42.01006099987456],[-93.64712200003983,42.010006000092474],[-93.64717100044363,42.00996599973569],[-93.64733700012499,42.00986500019126]]}},{"type":"Feature","properties":{"kind":"road","class":"local","name":"Pearson Ave","code":"S1400"},"geometry":{"type":"LineString","coordinates":[[-93.64367800027603,42.020222999983694],[-93.64295100000477,42.020134999687016],[-93.64275400036128,42.02007700012257]]}},{"type":"Feature","properties":{"kind":"road","class":"local","name":"Ironwood Ct","code":"S1400"},"geometry":{"type":"LineString","coordinates":[[-93.6448380001923,42.00523299996207],[-93.64481800010078,42.005286999916365],[-93.64484300021515,42.0054390000362],[-93.64496700006372,42.00561000007068],[-93.64506300032318,42.00567399980535],[-93.64513699994302,42.00569100017249],[-93.64520100041545,42.00568699973314],[-93.64525199957075,42.00565400027066],[-93.64528199970798,42.00562300001155],[-93.64529199975372,42.00558500012555],[-93.64528900027899,42.00551699985131],[-93.64526499998955,42.00546000025254],[-93.64520300006527,42.005404999830155],[-93.64511799967644,42.00531699972289],[-93.64504800025458,42.00527399990685],[-93.64493299972852,42.005236999762495],[-93.6448380001923,42.00523299996207]]}},{"type":"Feature","properties":{"kind":"road","class":"local","name":"S Oak Ave","code":"S1400"},"geometry":{"type":"LineString","coordinates":[[-93.62379300004626,42.022876000054126],[-93.62377799997763,42.021655999825164],[-93.623767000107,42.02108100016449],[-93.6237550004114,42.02047500028088],[-93.62375000038855,42.01935699974451],[-93.62375000038855,42.01927099971049]]}},{"type":"Feature","properties":{"kind":"road","class":"local","name":"Arthur Dr","code":"S1400"},"geometry":{"type":"LineString","coordinates":[[-93.62686299971625,42.03983300023384],[-93.62718099973357,42.03981699972622],[-93.62753300008609,42.039821000020254],[-93.62781900031634,42.039830000013836],[-93.6279210004236,42.03982799986716],[-93.62832099955837,42.039821000020254],[-93.62851999975,42.03984599985106],[-93.62862699988011,42.039881999803576],[-93.62876400014747,42.040006000002855],[-93.6290059999968,42.0402690000066],[-93.62908399981461,42.04040300009479],[-93.62917099985324,42.040510000216166],[-93.62929600042503,42.040604000030726],[-93.62941600007562,42.04064599991712]]}},{"type":"Feature","properties":{"kind":"road","class":"local","name":"N Franklin Ave","code":"S1400"},"geometry":{"type":"LineString","coordinates":[[-93.66478699999612,42.02281699997946],[-93.66478899964596,42.02323699969194],[-93.66479500039206,42.02406599993848],[-93.66483700022485,42.024915000211266],[-93.6648260003542,42.02517499969358],[-93.66482800000402,42.0253970000526],[-93.66480999956235,42.026460999873656],[-93.66482899982893,42.026816999786604],[-93.66484399989754,42.02761400024816],[-93.66486200033921,42.027984000011806],[-93.66488999992829,42.028346999847734]]}},{"type":"Feature","properties":{"kind":"road","class":"local","name":"Blackwood Cir","code":"S1400"},"geometry":{"type":"LineString","coordinates":[[-93.62857699965141,42.03301100001327],[-93.62858699969715,42.03292700012894],[-93.62861000016167,42.0328769996844],[-93.6286329997279,42.032829000234784],[-93.62864600014669,42.032782000265975],[-93.62865700001736,42.032736999965145],[-93.62867299991086,42.032675999995796],[-93.62869999967505,42.03262899991386],[-93.6287380002082,42.03258299998459],[-93.6287669996222,42.03252700014174],[-93.6287659997973,42.03247999994962],[-93.62871399991876,42.03245600007945],[-93.62867600028393,42.03249699982441],[-93.62867600028393,42.03254500019193],[-93.62866600023818,42.03260399991291]]}},{"type":"Feature","properties":{"kind":"road","class":"local","code":"S1400"},"geometry":{"type":"LineString","coordinates":[[-93.63372500020293,42.006176999952885],[-93.63355899962326,42.0060390000548],[-93.63305999985597,42.00561000007068],[-93.63281999965648,42.005357000332886],[-93.63271400024956,42.005206999918244],[-93.63255299969278,42.004938999925855],[-93.63252299955555,42.00486499989347],[-93.63248800029378,42.00482299972853]]}},{"type":"Feature","properties":{"kind":"road","class":"local","name":"Avocado Ct","code":"S1400"},"geometry":{"type":"LineString","coordinates":[[-93.62715099959635,42.00439700011265],[-93.62683500012716,42.004613999782926]]}},{"type":"Feature","properties":{"kind":"road","class":"local","name":"Marigold Dr","code":"S1400"},"geometry":{"type":"LineString","coordinates":[[-93.67318000011984,42.01892199973668],[-93.67305399972315,42.01892500027624],[-93.67297699973027,42.01892600001116],[-93.6728870002169,42.01892500027624],[-93.6727890003076,42.01892399987398],[-93.67268499965222,42.01892399987398],[-93.67257500004736,42.01892199973668],[-93.67246100024454,42.01891800012938],[-93.67234400006868,42.01891500025687],[-93.67222400041808,42.01891399985445],[-93.67209999967122,42.018911999716885],[-93.67197400017282,42.018908999844086],[-93.67184500030137,42.01890699970637],[-93.67171499970672,42.01890699970637],[-93.67158300036057,42.01890599997115],[-93.67137599977303,42.01890699970637],[-93.671275000389,42.01889000020161],[-93.67112300005304,42.018875000163746],[-93.67091800001361,42.018875000163746],[-93.67060900021714,42.01886099985824],[-93.67040800037569,42.01887099988611],[-93.66976700031817,42.01888899979879],[-93.6676009995731,42.01885000009276]]}},{"type":"Feature","properties":{"kind":"road","class":"local","name":"Greeley St","code":"S1400"},"geometry":{"type":"LineString","coordinates":[[-93.6394539996392,42.02012400014191],[-93.63953400000516,42.020046999935936],[-93.63981799968727,42.01993599985628]]}},{"type":"Feature","properties":{"kind":"road","class":"local","name":"Hunt St","code":"S1400"},"geometry":{"type":"LineString","coordinates":[[-93.65175000000936,42.02014500018186],[-93.65255099990043,42.0201400002683],[-93.65420100026148,42.0201620000185]]}},{"type":"Feature","properties":{"kind":"road","class":"local","name":"Wisconsin Ave","code":"S1400"},"geometry":{"type":"LineString","coordinates":[[-93.66204000036632,42.03257499981942],[-93.66205899973458,42.03368399993211],[-93.66206399975745,42.03438899982164],[-93.66206499958237,42.03445100030663],[-93.66205500043495,42.03449799970845]]}},{"type":"Feature","properties":{"kind":"road","class":"local","name":"Gray Ave","code":"S1400"},"geometry":{"type":"LineString","coordinates":[[-93.64079600002867,42.02118399998345],[-93.64080400042458,42.021012000069355],[-93.64078599998292,42.02069899978084],[-93.64079699985359,42.02039000013602],[-93.64073699957912,42.02026700008634],[-93.64067300000502,42.02016100030303],[-93.64066700015725,42.020056999777246],[-93.64070899999004,42.01993599985628],[-93.64084100023452,42.019794999944665],[-93.6409190000523,42.01972500006648]]}},{"type":"Feature","properties":{"kind":"road","class":"local","name":"13th St","code":"S1400"},"geometry":{"type":"LineString","coordinates":[[-93.61067200039389,42.034548999701514],[-93.61112599995535,42.03455399981635],[-93.6115109999198,42.034552000170784],[-93.61231500018394,42.03454700005579],[-93.61254100013973,42.034545999899265],[-93.61313600016649,42.03455399981635],[-93.61358899990303,42.034558999930844],[-93.61397399986748,42.034551000014396],[-93.61439200034224,42.034541999940345],[-93.61474600034455,42.03454999985793],[-93.61536499976245,42.03455600012908],[-93.61549799983183,42.03454700005579],[-93.61568299977976,42.034535000178465],[-93.61623599997372,42.03448900029418],[-93.61638699958645,42.034481999859224],[-93.61688000040427,42.03445999972629],[-93.61710600036007,42.03446300019977],[-93.61787700011394,42.03447299977541],[-93.61853400006497,42.03447900005382],[-93.61871499981491,42.03447500009069],[-93.61916699972654,42.03447900005382],[-93.61921699995526,42.034481999859224],[-93.61970300020208,42.03450799994581],[-93.62015699976351,42.034548999701514],[-93.62040799983369,42.03455700028544],[-93.62105399991405,42.034574999760686],[-93.62146900001575,42.034574999760686],[-93.62256299980977,42.0345669998463],[-93.62363099966454,42.03456500020109],[-93.62466300043262,42.03456199973243],[-93.62525799956106,42.034558999930844],[-93.62570699999794,42.034564000044895],[-93.62629799982673,42.034571999959724],[-93.6269509995798,42.03456299988869],[-93.62707899962632,42.03456299988869],[-93.62757800029192,42.03456299988869],[-93.62882100004889,42.03456900015856],[-93.63027700024116,42.03457000031472],[-93.6333850004443,42.034552000170784],[-93.63503599973194,42.03454000029441],[-93.6367770003296,42.03452700025899],[-93.63714600040053,42.03453400002181],[-93.63730500040919,42.03453699982456],[-93.63769899969617,42.03458499998594],[-93.63780400017646,42.03460899971943],[-93.63791499960624,42.03463499975406],[-93.63808500038387,42.034676000095054],[-93.63834499977655,42.03477499996311],[-93.63885799978755,42.03498400021607],[-93.63913800017,42.035151000294526],[-93.63946600023309,42.0353240001328],[-93.63981000018967,42.035445000125435],[-93.64007100030558,42.03553799995219],[-93.64042399958467,42.0356179998306],[-93.64068399987566,42.035654000176706],[-93.64106100034255,42.03568899969674],[-93.64178100004277,42.03568499980975],[-93.64231199959711,42.03568700008688],[-93.64245999973511,42.03568700008688],[-93.64291199964673,42.03570399977106]]}},{"type":"Feature","properties":{"kind":"road","class":"local","name":"Hawthorne Ct Dr","code":"S1400"},"geometry":{"type":"LineString","coordinates":[[-93.6423760000695,42.03365800017568],[-93.64228900003089,42.03366699970761],[-93.641402999751,42.03365800017568],[-93.6408810004175,42.03367099972161],[-93.64025799990333,42.033678000245885],[-93.64018299956025,42.03369199995769],[-93.64014199955237,42.033736000080346]]}},{"type":"Feature","properties":{"kind":"road","class":"local","name":"Summit Ave","code":"S1400"},"geometry":{"type":"LineString","coordinates":[[-93.62882100004889,42.03456900015856],[-93.6288439996151,42.034968999971795],[-93.62888100032333,42.035096000193306],[-93.62900500017189,42.03518799971716],[-93.62909800005832,42.035230999992855],[-93.62931399996839,42.03532699989827],[-93.6294210000985,42.035470999818116],[-93.62945799990842,42.03564299998046],[-93.62953099970335,42.035858000196036],[-93.6295690002365,42.03606799968893],[-93.62964200003144,42.03758399974013],[-93.62965799992496,42.03801800006216]]}},{"type":"Feature","properties":{"kind":"road","class":"local","name":"Arkansas Dr","code":"S1400"},"geometry":{"type":"LineString","coordinates":[[-93.67263299977368,42.03142200001448],[-93.67253200038965,42.03136500027675],[-93.67247700013807,42.03134800009921],[-93.67241100001583,42.03135400000538],[-93.67238000005368,42.03136500027675],[-93.6723530002895,42.03140000015687],[-93.67235099974137,42.03142600016975],[-93.67236400016017,42.031459000273415],[-93.67238699972638,42.03147400001161],[-93.672445000351,42.031482999852834],[-93.67248899983362,42.031482999852834],[-93.67254200043539,42.03147200026915],[-93.67258400026819,42.03145800006835],[-93.67261600005524,42.0314379999668],[-93.67263299977368,42.03142200001448]]}},{"type":"Feature","properties":{"kind":"road","class":"local","name":"Windsor Ct","code":"S1400"},"geometry":{"type":"LineString","coordinates":[[-93.67097499991503,42.03544799988525],[-93.67093499973205,42.0354410002231],[-93.67089000042454,42.0354080001852],[-93.67085100006646,42.03537299984326],[-93.67084199984563,42.03534399967875],[-93.67085299971629,42.03527999977506],[-93.67087199998286,42.03526199983221],[-93.67090399976992,42.03524700032078],[-93.67097099971707,42.03524899994448],[-93.67100500005226,42.03525400000425],[-93.67104000021236,42.03526800003614],[-93.67106000030385,42.03528899974455],[-93.67107500037245,42.035330000330816],[-93.6710579997557,42.03537799989327],[-93.67102799961847,42.0354080001852],[-93.67097499991503,42.03544799988525]]}},{"type":"Feature","properties":{"kind":"road","class":"local","name":"Hunziker Cir","code":"S1400"},"geometry":{"type":"LineString","coordinates":[[-93.62448099995943,42.04083300028153],[-93.62451399957139,42.04081000028782],[-93.6246130002039,42.04076400027534]]}},{"type":"Feature","properties":{"kind":"road","class":"local","name":"Gray Ave","code":"S1400"},"geometry":{"type":"LineString","coordinates":[[-93.64180399960898,42.021330999669324],[-93.64151099970601,42.02129600025165],[-93.64131499988744,42.021265999972705]]}},{"type":"Feature","properties":{"kind":"road","class":"local","name":"Hyland Ave","code":"S1400"},"geometry":{"type":"LineString","coordinates":[[-93.6556540000807,42.02536900030854],[-93.65566499995136,42.02597700017593],[-93.65566900014932,42.026222999967125],[-93.65568800041589,42.0267440001281],[-93.65570699978416,42.027254999980904],[-93.6557109999821,42.02737400011564],[-93.65570500013433,42.02806900001403],[-93.6557109999821,42.028291000276646],[-93.65569000006572,42.029563999765436],[-93.65569000006572,42.029700999769865],[-93.65567599982202,42.030084999903515],[-93.65566400012646,42.03042900022198],[-93.65566199957833,42.03059399982081],[-93.65565699955545,42.030939000266976],[-93.65564900005785,42.03119500029878],[-93.65562800014145,42.031930999901626],[-93.65562399994349,42.032073999980675],[-93.65561300007283,42.032421000113544],[-93.65563499981413,42.03333999988143],[-93.65561499972266,42.03362600005019],[-93.65563800018718,42.034403000044065],[-93.65564099966193,42.03449099994172],[-93.65565099970767,42.03457700007275]]}},{"type":"Feature","properties":{"kind":"road","class":"local","name":"Iowa Cir","code":"S1400"},"geometry":{"type":"LineString","coordinates":[[-93.6592850003406,42.03446999996963],[-93.6592850003406,42.034743999886196]]}},{"type":"Feature","properties":{"kind":"road","class":"local","name":"E Lime Ct","code":"S1400"},"geometry":{"type":"LineString","coordinates":[[-93.62563800040097,42.00522299979245],[-93.62629000032912,42.00524100023015]]}},{"type":"Feature","properties":{"kind":"road","class":"local","name":"Hawthorne Ct Dr","code":"S1400"},"geometry":{"type":"LineString","coordinates":[[-93.64333000012145,42.03382800023844],[-93.6438320002618,42.03383900008159],[-93.64453199987052,42.033835000078184],[-93.64472400038947,42.033831000074514]]}},{"type":"Feature","properties":{"kind":"road","class":"local","name":"Elwood Dr","code":"S1400"},"geometry":{"type":"LineString","coordinates":[[-93.63259100022593,42.01974600023821],[-93.63241100030088,42.0197859997835]]}},{"type":"Feature","properties":{"kind":"road","class":"local","name":"Morrill Rd","code":"S1400"},"geometry":{"type":"LineString","coordinates":[[-93.64674600029618,42.02474700028832],[-93.6469660004042,42.02485299976705],[-93.64786600002948,42.025516000328714],[-93.64792200010599,42.025627000009784],[-93.64792999960359,42.02592799989501],[-93.64793299997663,42.02642400004198],[-93.6479089996872,42.02670100011638],[-93.64781300032605,42.02707400001053],[-93.64779999990726,42.027268000169045],[-93.64785199978579,42.02747900028512],[-93.64789100014384,42.02759100014125],[-93.64793600034969,42.027666000023984],[-93.64795600044118,42.02774599980133],[-93.6479720003347,42.02805100003091],[-93.6479510004183,42.02844600023186],[-93.64795899991591,42.028875999915606]]}},{"type":"Feature","properties":{"kind":"road","class":"local","name":"Prairie Vw W","code":"S1400"},"geometry":{"type":"LineString","coordinates":[[-93.63678300017737,42.042821000217046],[-93.6368280003832,42.042624000073275],[-93.63691899972149,42.04249500015613],[-93.63699800026252,42.04242900005076],[-93.63709399962369,42.04237799971004],[-93.63724500013474,42.04234599997246],[-93.63854200031835,42.04231999975687],[-93.6388910002978,42.042336999668095],[-93.63898400018424,42.042382999876054],[-93.6390519999563,42.04240499993476],[-93.63908600029148,42.04246099974654],[-93.63910200018502,42.04288499986478],[-93.63911399988058,42.04318600008494],[-93.6391220002765,42.0435879997264],[-93.63915700043658,42.04365299994897],[-93.63917800035298,42.04369099977115],[-93.63925399962267,42.043768000025935],[-93.63947100025595,42.043931999676914],[-93.63962400041683,42.044063000025595],[-93.63972599962577,42.044164999962305],[-93.63976599980874,42.04440900007536],[-93.63976599980874,42.04445800011905],[-93.6397640001589,42.04505700026678],[-93.63976900018179,42.04537100002479],[-93.63977099983161,42.045477999785376]]}},{"type":"Feature","properties":{"kind":"road","class":"local","name":"S 2nd St","code":"S1400"},"geometry":{"type":"LineString","coordinates":[[-93.62377799997763,42.021655999825164],[-93.6252249999491,42.02162200027885],[-93.62676599963189,42.02161499976152],[-93.62754399995673,42.021612999708914],[-93.62831499971058,42.02161100032361],[-93.62957199971125,42.021620999919016]]}},{"type":"Feature","properties":{"kind":"road","class":"local","name":"Kildee St","code":"S1400"},"geometry":{"type":"LineString","coordinates":[[-93.64176099995126,42.017969000258],[-93.64162600023207,42.01786000005875],[-93.64141600016978,42.01768299972291],[-93.64118199981806,42.01755399990311],[-93.64106499964218,42.01751400028866],[-93.6408479999072,42.017499999683515],[-93.64034699959178,42.01749699974411],[-93.63997199967305,42.01752099992267],[-93.63965899967862,42.017573999700865],[-93.63940699978353,42.01762100023537]]}},{"type":"Feature","properties":{"kind":"road","class":"local","name":"Arthur Cir","code":"S1400"},"geometry":{"type":"LineString","coordinates":[[-93.6279210004236,42.03982799986716],[-93.6278929999362,42.04021799993371]]}},{"type":"Feature","properties":{"kind":"road","class":"local","name":"N Riverside Ave","code":"S1400"},"geometry":{"type":"LineString","coordinates":[[-93.62982299978141,42.022849000207756],[-93.62982399960632,42.022923000006585],[-93.62983399965206,42.02361399986904],[-93.62984700007085,42.023978000289034],[-93.62987700020807,42.02520799970579],[-93.6298520000937,42.02556799981869],[-93.62982100013159,42.02562300015691],[-93.62974400013869,42.025691999919395],[-93.62863699992585,42.02641300025019],[-93.62851599955204,42.02643499983187],[-93.62840500012227,42.02641300025019]]}},{"type":"Feature","properties":{"kind":"road","class":"local","name":"Arbor St","code":"S1400"},"geometry":{"type":"LineString","coordinates":[[-93.6542179999799,42.020942000196136],[-93.65477799984657,42.020947999749716],[-93.6551179996052,42.020947999749716],[-93.65539899981259,42.020947999749716],[-93.6555610001943,42.020947999749716],[-93.65669900036924,42.02094000012236],[-93.65717899986998,42.02093800004852],[-93.65910600024046,42.0209170002704]]}},{"type":"Feature","properties":{"kind":"road","class":"local","name":"Mayfield Dr","code":"S1400"},"geometry":{"type":"LineString","coordinates":[[-93.6714440004434,42.01125500004726],[-93.67160500010189,42.01124600001236],[-93.6716770000719,42.01124199992232],[-93.67177900017916,42.01123899968773],[-93.67187899973827,42.01123899968773],[-93.6719790001957,42.01123100017392],[-93.6720779999299,42.01121700018805],[-93.67216300031872,42.01118699982643],[-93.67223399956552,42.01113300020793],[-93.67227700012153,42.01107200020052],[-93.6722960003881,42.01101100013461],[-93.6723049997106,42.01095999994707],[-93.6723049997106,42.010905000274825],[-93.67229800003791,42.010843000186846],[-93.67229100036523,42.01067700019199],[-93.67229200019014,42.01062700026946],[-93.67229499966487,42.01058099977211],[-93.67229999968775,42.01053599977568],[-93.67230700025875,42.01044700022305],[-93.67229899986283,42.01035899974795],[-93.67229700021302,42.01031299972423],[-93.6722960003881,42.0102659997962],[-93.6722960003881,42.01021700008991],[-93.67229899986283,42.01011899989665],[-93.67229899986283,42.01009700000956],[-93.67229999968775,42.01006699978724],[-93.67229999968775,42.01001399976034],[-93.67230200023589,42.0099580000618],[-93.67230100041097,42.00990300019066],[-93.67229800003791,42.009848000272015],[-93.67229700021302,42.00979400018424],[-93.67229499966487,42.009740999929875],[-93.67229300001506,42.009686999751274],[-93.67229300001506,42.00963300019431],[-93.67229499966487,42.0095799998058],[-93.67229800003791,42.009525000275325],[-93.67229999968775,42.00946800026272],[-93.67230399988571,42.00941000031461],[-93.67230800008367,42.00934999987526],[-93.6723109995584,42.009307000115186],[-93.67231300010653,42.009290000046825],[-93.67231800012941,42.00922799971966],[-93.6723239999772,42.00916599999957],[-93.67232999982497,42.00910300032973],[-93.67233900004581,42.00903999993],[-93.67234800026664,42.008976000244076],[-93.67235999996221,42.00891299971862],[-93.672373000381,42.00885300014544],[-93.6723890002745,42.00879500030403],[-93.672401999795,42.00874299977987],[-93.67241500021379,42.00869699992248],[-93.672445000351,42.008619999898166]]}},{"type":"Feature","properties":{"kind":"road","class":"local","name":"S Maple Ave","code":"S1400"},"geometry":{"type":"LineString","coordinates":[[-93.6252180002764,42.02287499971401],[-93.62520599968254,42.02206000022654],[-93.6252249999491,42.02162200027885],[-93.6251760004436,42.0204699997259],[-93.62515999965177,42.01929499988687],[-93.62515999965177,42.01927499996297],[-93.62515600035213,42.01923200023874],[-93.62514200010843,42.01891300011934],[-93.62514999960601,42.0181070003035],[-93.62509400042784,42.0167170000231],[-93.6250910000548,42.01638800021906],[-93.62511500034424,42.0162130000132]]}},{"type":"Feature","properties":{"kind":"road","class":"local","name":"Wanda Daley Dr","code":"S1400"},"geometry":{"type":"LineString","coordinates":[[-93.64472400038947,42.03388199993556],[-93.64487099980425,42.03388099976863],[-93.6461620001401,42.033880000268866],[-93.64667199977802,42.0338739999339],[-93.64706599996333,42.03386899976556],[-93.64747600004215,42.033863000096794],[-93.64788699994588,42.03385799992759]]}},{"type":"Feature","properties":{"kind":"road","class":"local","name":"Bel Air Cir","code":"S1400"},"geometry":{"type":"LineString","coordinates":[[-93.62725100005377,42.04106100032028],[-93.62708299982428,42.04119500007255],[-93.62703699979353,42.04122000002989],[-93.62696700037164,42.04125799997291],[-93.62688299980773,42.04126500032862],[-93.62682400025652,42.041246000028444],[-93.62678999992133,42.04120299981976],[-93.62679800031725,42.04115299988186],[-93.6270490003874,42.04092300006097]]}},{"type":"Feature","properties":{"kind":"road","class":"local","name":"Waterfront Dr","code":"S1400"},"geometry":{"type":"LineString","coordinates":[[-93.62422400004148,42.006311999752214],[-93.62404300029151,42.006269999874995],[-93.62390799967397,42.00622999983904],[-93.62357999961093,42.00609900027946],[-93.62330799962436,42.0059640000282],[-93.62319499964646,42.00586799983838],[-93.62287800035236,42.00548500024679],[-93.62285700043597,42.005349000079384],[-93.62287599980424,42.00529300027933],[-93.62293299970564,42.005226000310735],[-93.62308400021669,42.005101999684655],[-93.62323599965436,42.004969999850715],[-93.62330900034759,42.00493300019705],[-93.6236409997103,42.00492399993529],[-93.62397100032148,42.00493300019705],[-93.62423599973704,42.00495299995839]]}},{"type":"Feature","properties":{"kind":"road","class":"local","name":"Park Way","code":"S1400"},"geometry":{"type":"LineString","coordinates":[[-93.62597399996164,42.031278000262375],[-93.62620599976522,42.031430000324775],[-93.6264789995767,42.03157499993578],[-93.62670299988268,42.03162999974774],[-93.62691899979275,42.03164999978883],[-93.62708700002224,42.03166100000898],[-93.62729899973435,42.03164800005191],[-93.62749000042837,42.03174599976525],[-93.6276050000561,42.031845999725505]]}},{"type":"Feature","properties":{"kind":"road","class":"local","name":"Country Club Blvd","code":"S1400"},"geometry":{"type":"LineString","coordinates":[[-93.63944399959345,42.01938799998438],[-93.63953999985293,42.01926299987216],[-93.63979599994596,42.01902300024922],[-93.64012400000901,42.01879700004322],[-93.64033499989623,42.018710000180945],[-93.64062799979916,42.018647999692504],[-93.64092099970215,42.01859500014199],[-93.6411850001911,42.01851399978659],[-93.64147700026915,42.01835200010107],[-93.64151900010195,42.01831300006571],[-93.64156900033066,42.01826600004264],[-93.64170200040003,42.01811999969264],[-93.64176099995126,42.017969000258],[-93.6418120000049,42.017738000208105],[-93.64194400024938,42.017451999968905],[-93.64206899992284,42.01729000024756],[-93.64218600009872,42.017223000233976],[-93.64222999958133,42.01720400008776],[-93.64229999990152,42.01717399988049],[-93.64241299987943,42.01705400024465],[-93.64247800017675,42.01695500014102],[-93.64252099983446,42.01680000020183],[-93.64254000010105,42.01663299996513],[-93.64253400025326,42.01648399988332],[-93.64256100001744,42.01636299983773],[-93.64260500039836,42.01626199977234],[-93.64273799956945,42.01612899995696],[-93.64277199990462,42.016107999925566],[-93.6430709996554,42.01592700025734],[-93.64334699983989,42.01581300030881],[-93.64346800021373,42.015779000308065],[-93.64363499971999,42.01573199974705],[-93.6440220002326,42.015699999941596],[-93.64429400021916,42.01571100025194]]}},{"type":"Feature","properties":{"kind":"road","class":"local","code":"S1740"},"geometry":{"type":"LineString","coordinates":[[-93.65299799978918,42.04279700024912],[-93.65306399991142,42.042843000124094],[-93.65319500033098,42.042891000016056],[-93.65349099970868,42.042991999809416],[-93.65353199971658,42.04300600013799],[-93.65357400044768,42.04301300030112],[-93.65361700010538,42.04301400032434],[-93.6536599997631,42.04300800018464],[-93.65370099977096,42.04299499988008],[-93.65374000012903,42.042976000097205],[-93.65376600006829,42.04295200018787],[-93.65379600020553,42.04293299972505],[-93.65382899981749,42.04291800002277],[-93.65386300015267,42.04290899979943],[-93.65389800031276,42.04290599972471],[-93.65397100010772,42.042902000291974],[-93.65404399990265,42.042903999674806],[-93.65411599987266,42.04291199987405],[-93.65418700001777,42.042926000220255],[-93.65425800016288,42.042945000018015],[-93.65427300023151,42.042949000115186],[-93.65428800030013,42.04295500026041],[-93.65430099982059,42.04296299978609],[-93.65431300041449,42.042974000049554],[-93.6543229995619,42.04298599966763],[-93.6543300001329,42.04299999999753],[-93.65433500015577,42.04301499968046],[-93.65433799963053,42.043031000049886],[-93.65433799963053,42.04304699974819],[-93.65433500015577,42.04306200008717],[-93.6543300001329,42.043076999755456],[-93.65432199973698,42.0430910000653],[-93.65427700042947,42.04326300028454],[-93.6542740000564,42.04328500003854],[-93.65427499988132,42.04330699978487],[-93.65427900007928,42.04332900019078],[-93.65428699957688,42.04334999990396],[-93.65429800034586,42.04337000025974],[-93.65431199969125,42.04338699989004],[-93.654329000308,42.043401000131574],[-93.65434799967626,42.043412999669],[-93.65436899959266,42.043420999804155],[-93.65438600020941,42.04343099997164],[-93.65440200010292,42.04344400018704],[-93.65441499962341,42.04345899976509],[-93.65442600039239,42.04347700005469],[-93.65443300006505,42.04349499967206],[-93.65443800008794,42.04351499998215],[-93.65443999973778,42.043535000285985],[-93.65443800008794,42.043554999916395],[-93.65443399988997,42.04357500020759],[-93.65443300006505,42.04360099990967],[-93.65443800008794,42.043626000254584],[-93.65444700030878,42.043650999922576],[-93.65445900000434,42.04367300020937],[-93.65447599972278,42.043692999796285],[-93.65449599981426,42.04371000000734],[-93.65451799955558,42.04372300016561],[-93.65454199984501,42.04373200027365],[-93.65456799978428,42.04373700033311],[-93.65459399972356,42.04373700033311],[-93.65461899983791,42.04373300028555],[-93.65470000002877,42.04373799967785],[-93.65478100021963,42.04374799979543],[-93.65486200041047,42.043761999957425],[-93.65494100005319,42.04378000016118],[-93.65496100014468,42.043787000239035],[-93.65498100023615,42.04379599967088],[-93.65499799995459,42.04380799980085],[-93.65501399984811,42.0438229999601],[-93.6550270002669,42.0438390001261],[-93.65503800013757,42.043858000317975],[-93.65529599988042,42.04420700016336],[-93.65531000012412,42.0442969998336],[-93.65537200004842,42.044455000117416],[-93.6553860002921,42.044500000126405],[-93.65539399978971,42.04454700010172],[-93.65539600033784,42.044595000040616],[-93.6553920001399,42.044641999945654],[-93.65538100026924,42.044688999815925],[-93.65537500042144,42.0447330003301],[-93.65537700007127,42.04477700014668],[-93.65538399974398,42.04482099993279],[-93.65539700016276,42.044862999700186],[-93.65541100040646,42.04499500012256],[-93.65541100040646,42.04503499979216],[-93.65540399983547,42.0450750001036],[-93.65539100031498,42.045112999742464],[-93.65537200004842,42.04514900004643],[-93.65534799975896,42.045180999706496],[-93.65531900034495,42.045210000051675],[-93.65529099985754,42.04523899971645],[-93.6552599998954,42.045263000096135],[-93.65522499973531,42.045282999849725],[-93.65518700010048,42.04529800032786],[-93.65514799974243,42.04530700021278],[-93.65510799955945,42.04531000017413],[-93.65506999992462,42.04531000017413],[-93.65506099970379,42.04530100028962],[-93.65504900000822,42.045291999736726],[-93.65503700031266,42.04528399983722],[-93.65502499971878,42.0452769999243],[-93.65501200019828,42.045270999998294],[-93.65499799995459,42.04526600005956],[-93.65495699994672,42.045250000252935],[-93.65484899999169,42.0452130000176],[-93.6547870000674,42.04520000016416],[-93.65460899979216,42.045181999695636],[-93.65443300006505,42.04517699974989],[-93.65420200008639,42.04516899983585],[-93.65407700041291,42.045167999846555],[-93.6539429996203,42.04516899983585],[-93.65377600011405,42.045167999846555],[-93.653696999573,42.0451629998997],[-93.6536820004027,42.045160999920846],[-93.65366700033411,42.04515799995247],[-93.65365300009039,42.045152000015236],[-93.65363899984669,42.04514600007744],[-93.65362799997604,42.04513700016975],[-93.65361799993029,42.04512800026073],[-93.65361200008252,42.04511999967345],[-93.65360500040981,42.04510799979124],[-93.65360200003676,42.04509899987817],[-93.65359899966371,42.0450860000014],[-93.65359700001389,42.045073000122024],[-93.65359600018897,42.045060000239936],[-93.65359600018897,42.04504699968811],[-93.6535979998388,42.04503399980071],[-93.65358899961798,42.04484899978081],[-93.65358799979306,42.044839999831],[-93.6535839995951,42.04482799989595],[-93.65357699992241,42.044815999958594],[-93.65357100007462,42.044807999999136],[-93.65356000020398,42.044798000048395],[-93.65354699978519,42.04479000008663],[-93.65353199971658,42.04478300011928],[-93.65351599982303,42.04477800014214],[-93.6534990001046,42.044775000155674],[-93.6533929997994,42.044767000191],[-93.65314299955413,42.04476300020835],[-93.65285399984914,42.04475500024217],[-93.6526899998176,42.044748000270964],[-93.65264299996196,42.04474300029107],[-93.65257400036496,42.044734000326244]]}},{"type":"Feature","properties":{"kind":"road","class":"local","name":"Knoll Rd","code":"S1400"},"geometry":{"type":"LineString","coordinates":[[-93.64372299958355,42.02593499993742],[-93.64370099984224,42.026852000169015],[-93.64369300034461,42.02737700025637],[-93.64369099979649,42.027589000276635],[-93.64369599981936,42.02812299993286],[-93.64370000001732,42.0284860003096],[-93.64369300034461,42.02886300005625],[-93.64369300034461,42.02891800021294]]}},{"type":"Feature","properties":{"kind":"road","class":"local","code":"S1740"},"geometry":{"type":"LineString","coordinates":[[-93.654329000308,42.0267719999339],[-93.65425999981272,42.02679999972736],[-93.65425999981272,42.02682199984239],[-93.65425700033796,42.02687400026604],[-93.65424800011715,42.02692000032304],[-93.6542249996526,42.02697899992673],[-93.65420700010925,42.02702999994723],[-93.65419000039081,42.0270890001161],[-93.6541750003222,42.027163000318424],[-93.65418100017,42.02721799994408],[-93.65407999988766,42.02721799994408],[-93.65395000019132,42.02721799994408],[-93.65383399984036,42.02721799994408],[-93.65374000012903,42.02721900021586],[-93.65366300013613,42.02721900021586],[-93.65357100007462,42.02721900021586],[-93.6534499997008,42.02721900021586],[-93.65339699999736,42.027221000092126],[-93.6533579996393,42.027221000092126],[-93.6533300000502,42.027221000092126],[-93.6532870003925,42.027226999720526],[-93.65325100040748,42.027229000263844],[-93.65320700002655,42.02723499989149],[-93.65314799957702,42.02724199979005],[-93.65309499987356,42.027249999959125],[-93.65305700023872,42.0272560002521],[-93.65301799988066,42.02726199987721],[-93.65299299976633,42.02726600029427],[-93.65297600004787,42.02726699989804],[-93.65295699978131,42.02726899977279],[-93.65293400021508,42.027270000043764],[-93.65290599972766,42.027270000043764],[-93.65286700026793,42.02726699989804],[-93.65279799977264,42.027263000148345],[-93.65270700043435,42.027254999980904],[-93.65258299968748,42.02724600020837],[-93.65244399977031,42.02723600016305],[-93.65239199989178,42.027226999720526],[-93.65229099960943,42.02722499984446],[-93.6521890004005,42.027229000263844],[-93.6518789998808,42.02722400024007]]}},{"type":"Feature","properties":{"kind":"road","class":"local","name":"Beach Ave","code":"S1400"},"geometry":{"type":"LineString","coordinates":[[-93.63949299999726,42.022749999783066],[-93.63949600037031,42.022679999821165],[-93.63949299999726,42.02260199969654],[-93.63947700010374,42.02200799986953],[-93.63946200003512,42.021415000195276],[-93.63945799983716,42.021252000193606],[-93.63945899966207,42.020489000231045],[-93.6394539996392,42.02012400014191],[-93.63944899961633,42.019722999954425],[-93.63944699996651,42.01960700002112],[-93.63944399959345,42.01938799998438],[-93.63943500027094,42.01914199977502],[-93.63940900033167,42.01855799973702],[-93.63941600000437,42.01834100024754],[-93.63940699978353,42.01762100023537],[-93.63939599991286,42.01678600010691],[-93.63935400008008,42.016257999997705],[-93.639354999905,42.016228000011594],[-93.63938699969205,42.01537800008557],[-93.63938500004224,42.01486100009035],[-93.63937499999648,42.01366400007689],[-93.63937099979853,42.01292899973653],[-93.6393759998214,42.01257499982485],[-93.63939000006509,42.01126900002477],[-93.6393890002402,42.010922999772305],[-93.63938800041528,42.01022499973123],[-93.63939599991286,42.0100960001359],[-93.63940799960845,42.010007999842706],[-93.63943400044603,42.00994799996741],[-93.63947299990578,42.00987899980726],[-93.63954700042393,42.00980299975704],[-93.63961699984581,42.00974699987275],[-93.63973499984661,42.009640999909074],[-93.63998900028982,42.00946499994451],[-93.64032999987334,42.00918399998912],[-93.64044500039938,42.00910300032973],[-93.64057099989778,42.0089749996853],[-93.64068899989854,42.00882599968499],[-93.64075400019587,42.00870700021353],[-93.64081899959488,42.00855699968759],[-93.64085200010516,42.00846299987195]]}},{"type":"Feature","properties":{"kind":"road","class":"local","name":"Winlock Rd","code":"S1400"},"geometry":{"type":"LineString","coordinates":[[-93.64594100020715,42.03056200015452],[-93.64593899965902,42.03057800032327],[-93.64590600004705,42.03112800025716],[-93.64589000015353,42.031471000064286],[-93.64588699978049,42.03152400022536],[-93.64592000029076,42.031926999778136]]}},{"type":"Feature","properties":{"kind":"road","class":"local","name":"Woi Rd","code":"S1400"},"geometry":{"type":"LineString","coordinates":[[-93.65028499959624,42.03172999989046],[-93.65026200003001,42.03105599975523],[-93.65026399967985,42.03060400000515],[-93.65026500040307,42.03056299970641],[-93.65027000042595,42.03053800022735]]}},{"type":"Feature","properties":{"kind":"road","class":"local","name":"7th St","code":"S1400"},"geometry":{"type":"LineString","coordinates":[[-93.61050499998933,42.02799299967987],[-93.61134799971319,42.02797400008259],[-93.61193600006725,42.02795999977866],[-93.61213100006093,42.02796499974455],[-93.61298100035579,42.02795999977866],[-93.6137639998052,42.02795299995916],[-93.61459800020656,42.0279319998288],[-93.6154119996181,42.0279109996915],[-93.61621400023242,42.027887999692105],[-93.61695900004699,42.027865999945924],[-93.61767899974721,42.027875000297996],[-93.6183340000484,42.02787400003648],[-93.61930700036694,42.02787099991926],[-93.62021399966491,42.02783999981151],[-93.6203960001381,42.02783499983575],[-93.6215789996206,42.0278329999788],[-93.62226099968599,42.02782800000253],[-93.62323099963146,42.02782199976355]]}},{"type":"Feature","properties":{"kind":"road","class":"local","code":"S1400"},"geometry":{"type":"LineString","coordinates":[[-93.6358340001483,42.006342999675546],[-93.63554899974294,42.00634199974287]]}},{"type":"Feature","properties":{"kind":"road","class":"local","name":"Jarrett Cir","code":"S1400"},"geometry":{"type":"LineString","coordinates":[[-93.66817100038382,42.031735000227066],[-93.6681780000565,42.03224099969848]]}},{"type":"Feature","properties":{"kind":"road","class":"local","name":"Jarrett Cir","code":"S1400"},"geometry":{"type":"LineString","coordinates":[[-93.66817100038382,42.031735000227066],[-93.66821700041457,42.03171200027673],[-93.66831299977571,42.03163900023409],[-93.66834899976072,42.031559000017936],[-93.66835200013377,42.031524999762134],[-93.66833799989007,42.03149500030633],[-93.66831899962351,42.031471000064286],[-93.66828299963849,42.031452999709956],[-93.6682480003767,42.031452999709956],[-93.66820200034596,42.031459000273415],[-93.66816299998789,42.03147299980678],[-93.66812799982779,42.03153899994817],[-93.6681360002237,42.03166399994734],[-93.66817100038382,42.031735000227066]]}},{"type":"Feature","properties":{"kind":"road","class":"local","name":"520th Ave","code":"S1400"},"geometry":{"type":"LineString","coordinates":[[-93.6588919999802,42.003987999801716],[-93.65888799978224,42.003473999949065],[-93.65888299975937,42.0030370001487],[-93.65888299975937,42.002956000005724],[-93.65888199993447,42.002864999886896],[-93.65887400043685,42.002809999891326],[-93.6588779997365,42.002354000294],[-93.6588779997365,42.00231699978661],[-93.65887500026176,42.00205900030529],[-93.65886400039112,42.00190300011142],[-93.65885400034537,42.00184599994514],[-93.65883400025389,42.00173600014754],[-93.65881199961426,42.00161200006273],[-93.65877499980434,42.00145000005079],[-93.65874200019239,42.00134000023618],[-93.65868699994078,42.001187999669604],[-93.65860900012298,42.00102299986451]]}},{"type":"Feature","properties":{"kind":"road","class":"local","name":"520th Ave","code":"S1400"},"geometry":{"type":"LineString","coordinates":[[-93.65911899976092,42.02155799990588],[-93.65911700011111,42.0215129996676]]}},{"type":"Feature","properties":{"kind":"road","class":"local","code":"S1400"},"geometry":{"type":"LineString","coordinates":[[-93.64161399963818,42.03238000031961],[-93.64286399996614,42.0323709999382]]}},{"type":"Feature","properties":{"kind":"road","class":"local","code":"S1400"},"geometry":{"type":"LineString","coordinates":[[-93.6428830002327,42.0327179997841],[-93.64286399996614,42.0323709999382]]}},{"type":"Feature","properties":{"kind":"road","class":"local","name":"S Russell Ave","code":"S1400"},"geometry":{"type":"LineString","coordinates":[[-93.6283370003502,42.02286300030253],[-93.62831499971058,42.02161100032361],[-93.62829899981705,42.02072900032724],[-93.62829799999216,42.020441999814174],[-93.62829600034232,42.01946300020072]]}},{"type":"Feature","properties":{"kind":"road","class":"local","name":"Applied Sciences A Rd","code":"S1400"},"geometry":{"type":"LineString","coordinates":[[-93.66228800006344,42.041613999739894],[-93.66255000000427,42.041757000048015],[-93.66279400040173,42.04183700010332],[-93.66320799978021,42.041889000252056],[-93.66348700033777,42.04187000013852],[-93.66357100000337,42.04184200031191],[-93.6637690003701,42.041718999736254]]}},{"type":"Feature","properties":{"kind":"road","class":"local","name":"Christensen Dr","code":"S1400"},"geometry":{"type":"LineString","coordinates":[[-93.63372500020293,42.006176999952885],[-93.6341660002439,42.00654100005704],[-93.634454000124,42.00680700012546],[-93.63469500014841,42.00701399969774],[-93.63501900001353,42.0072939999758],[-93.63514100021224,42.007426000327925],[-93.63523200044884,42.00757099994897],[-93.63529600002295,42.00770700003893],[-93.63534500042674,42.00788200028643],[-93.6353629999701,42.00810999970744],[-93.6353060000687,42.008447000145125],[-93.63520300013653,42.00865299982466],[-93.63502999988415,42.0088270002461],[-93.6347510002249,42.008983000150316],[-93.63457299994968,42.00904900027697],[-93.63440100042054,42.009088999875445],[-93.63420499970366,42.00910699988678],[-93.63400899988507,42.00910900033272],[-93.63386699959484,42.00908199998092],[-93.63380899986852,42.009070999859006],[-93.63357799988984,42.00903900003968],[-93.6334339999498,42.00899799985135],[-93.63333900041354,42.00898099970041],[-93.63324200032919,42.00897399979396],[-93.63312699980312,42.0089749996853],[-93.63302800006895,42.008995000178416],[-93.63288400012888,42.00903999993],[-93.63269900018096,42.00913500011681],[-93.63249400014155,42.00930600022911],[-93.63221100028433,42.009566000124046],[-93.63212199969755,42.009658999764234],[-93.63206800016918,42.009717000152804]]}},{"type":"Feature","properties":{"kind":"road","class":"local","name":"Crescent St","code":"S1400"},"geometry":{"type":"LineString","coordinates":[[-93.62882100004889,42.03456900015856],[-93.6288439996151,42.034968999971795],[-93.62888100032333,42.035096000193306],[-93.62900500017189,42.03518799971716],[-93.62909800005832,42.035230999992855],[-93.62856300030603,42.03543500003551],[-93.62820599993064,42.03558200013131]]}},{"type":"Feature","properties":{"kind":"road","class":"local","code":"S1400"},"geometry":{"type":"LineString","coordinates":[[-93.63857199955727,42.006588000067225],[-93.63833999975368,42.00646100030076],[-93.6382219997529,42.00641400019675],[-93.63817999992011,42.0063879999681]]}},{"type":"Feature","properties":{"kind":"road","class":"local","name":"S Wilmoth Ave","code":"S1400"},"geometry":{"type":"LineString","coordinates":[[-93.66161500021889,42.02278000002914],[-93.66162000024175,42.02274799976615],[-93.66159299957927,42.02220699988931],[-93.66158599990656,42.02153100016715],[-93.66158099988368,42.02100700022396],[-93.66158000005879,42.02094700004664],[-93.661574000211,42.02004299973202],[-93.66156199961712,42.019432999724366],[-93.66154999992155,42.01832899998043],[-93.66156099979221,42.017924999900025],[-93.6615599999673,42.01779700032372]]}},{"type":"Feature","properties":{"kind":"road","class":"local","name":"Indian Grass Ct","code":"S1400"},"geometry":{"type":"LineString","coordinates":[[-93.64087600039461,42.00992600002123],[-93.6410150003118,42.00991599992177],[-93.64116900029757,42.009890999666354],[-93.64128700029835,42.00985400020474],[-93.64142500039061,42.009791999759855],[-93.64152900014768,42.00967999992255],[-93.64159000024705,42.00960600006487],[-93.64159400044501,42.00952399972519],[-93.64158100002622,42.00946300017721],[-93.64155599991187,42.009414999736784],[-93.64151800027702,42.00936699992759],[-93.64146899987321,42.00934300000946],[-93.64134699967448,42.009331000046956],[-93.64127399987954,42.00934100023833],[-93.64119299968871,42.00937200002065],[-93.64107899988589,42.009435999975665],[-93.64095800041038,42.00954599981045],[-93.64090999983149,42.00959500003361],[-93.64086999964852,42.00971000032738],[-93.64086299997582,42.00983800016034],[-93.64087600039461,42.00992600002123]]}},{"type":"Feature","properties":{"kind":"road","class":"local","name":"Dotson Pl","code":"S1400"},"geometry":{"type":"LineString","coordinates":[[-93.67304700005047,42.014587999705086],[-93.67315400018059,42.01471300033007],[-93.67317799957172,42.01474599976532],[-93.67319600001338,42.01478100011838],[-93.67320799970895,42.01482700024805],[-93.67321000025709,42.01485400016357],[-93.67321100008199,42.01496799982882],[-93.67320699988403,42.01500999997008],[-93.67319400036355,42.01505100028786],[-93.67317300044715,42.015090000321436],[-93.67314400013484,42.01512600027985],[-93.67310800014982,42.01515799970667],[-93.67305999957092,42.01518899999118],[-93.67300900041563,42.01521100011934],[-93.6729709998825,42.015223000307394],[-93.67291099960802,42.015234000032805],[-93.6728450003841,42.01523799987184],[-93.67279799963012,42.01523499982574],[-93.67274300027684,42.01522499989356],[-93.6726830000024,42.01520599981784],[-93.67264299981943,42.01518699973646],[-93.67260000016172,42.0151599999623],[-93.67256300035179,42.01512799986905],[-93.6725290000166,42.0150859998057],[-93.67236900018304,42.01485100009935]]}},{"type":"Feature","properties":{"kind":"road","class":"local","name":"Dotson Dr","code":"S1400"},"geometry":{"type":"LineString","coordinates":[[-93.67361899961269,42.0120569998951],[-93.6735850001758,42.01214999989813],[-93.67357699977988,42.01227999983952],[-93.6735779996048,42.01236299980177],[-93.67358900037375,42.01241199985728],[-93.67358000015292,42.01245299984751],[-93.67358199980275,42.01254800027677],[-93.67358199980275,42.01263000005543],[-93.67358299962767,42.012646000065004],[-93.67358299962767,42.01285100033251],[-93.6735850001758,42.012957000286534],[-93.67359199984851,42.013170999982826],[-93.67359500022155,42.01328100003313],[-93.67359799969628,42.0134940001539],[-93.67359900041951,42.013591000000744],[-93.67360000024442,42.01382499987554],[-93.67360000024442,42.01387400013963],[-93.6736050002673,42.01391700014962],[-93.6736050002673,42.01394299997078],[-93.67360100006933,42.01397000026159],[-93.67358299962767,42.01403400026238],[-93.67355400021367,42.01410800030812],[-93.67353400012217,42.01414999968248],[-93.67350900000781,42.01419499979186],[-93.67348999974125,42.01422299978449],[-93.6734589997791,42.014267999842204],[-93.67340900044871,42.01432699983997],[-93.67334300032647,42.01439299976124],[-93.67328300005201,42.01444399986589],[-93.6732539997397,42.01446499977935],[-93.67320900043217,42.01449800001067],[-93.6731619996782,42.01452599986994],[-93.67313099971604,42.014545000148786],[-93.67306399976889,42.01457900014186],[-93.67304700005047,42.014587999705086],[-93.67236900018304,42.01485100009935],[-93.67144000024543,42.015208000071965],[-93.67137699959792,42.0152319997795],[-93.67132700026752,42.01525099984744],[-93.67124400042687,42.01528599992264],[-93.67121099991658,42.015302999723374],[-93.67116499988582,42.01532700006249],[-93.67109299991581,42.01537200000648],[-93.67106000030385,42.01539700010989],[-93.67096499986928,42.0154760001853],[-93.6708810002037,42.015571999891414],[-93.67085000024157,42.015615999875166],[-93.67081400025656,42.01567700019661],[-93.67077400007358,42.01576899979397],[-93.67076099965479,42.01581400009265],[-93.67074499976125,42.01590099991239],[-93.67074099956331,42.01597900024794],[-93.6707349997155,42.017473999981654],[-93.67073999973839,42.01775899970126],[-93.6707470003094,42.01784499977793],[-93.67075499980702,42.017897999953504],[-93.6707759997234,42.01797500009212],[-93.67080400021082,42.01804999997278],[-93.67083799964767,42.01811699978254],[-93.67088600022657,42.01819400032334],[-93.67093800010511,42.01826099998133],[-93.67099800037957,42.01832499966845],[-93.6711139998322,42.01843000010003],[-93.6711489999923,42.018471000215136],[-93.67120800044185,42.01853699984032],[-93.67125100009956,42.01858599981099],[-93.67128500043474,42.01863999977575],[-93.67131499967365,42.018698999721956],[-93.6713599998795,42.018819000258006],[-93.67137599977303,42.01890699970637],[-93.67138300034404,42.01893899990028],[-93.67138400016894,42.01899399996651],[-93.6713819996208,42.01904600011884],[-93.67136900010031,42.019185999958324],[-93.67137699959792,42.019264999998676],[-93.67137499994811,42.01944199993549],[-93.67136900010031,42.01990799970937],[-93.6713809997959,42.021250999827956],[-93.67137099975015,42.02200399978897],[-93.67139699968942,42.022619000210966],[-93.67140699973517,42.02286100028918],[-93.67140000006248,42.022906999913076],[-93.6713950000396,42.02294799981092],[-93.67140000006248,42.023155999910884]]}},{"type":"Feature","properties":{"kind":"road","class":"local","name":"Brookridge Ave","code":"S1400"},"geometry":{"type":"LineString","coordinates":[[-93.62783199983683,42.03133699982495],[-93.62783299966175,42.03142200001448],[-93.62777800030847,42.03158099982052],[-93.62764900043703,42.03178999990059],[-93.6276050000561,42.031845999725505],[-93.62729799990944,42.03223700026176],[-93.62712499965708,42.03247800023881],[-93.62705100003723,42.032601000018914]]}},{"type":"Feature","properties":{"kind":"road","class":"local","name":"S 3rd St","code":"S1400"},"geometry":{"type":"LineString","coordinates":[[-93.6237550004114,42.02047500028088],[-93.6251760004436,42.0204699997259],[-93.62597399996164,42.02046200003841],[-93.62676200033223,42.020455000060736],[-93.62753300008609,42.0204480000823],[-93.62829799999216,42.020441999814174]]}},{"type":"Feature","properties":{"kind":"road","class":"local","name":"Lakeview Pl","code":"S1400"},"geometry":{"type":"LineString","coordinates":[[-93.62384999994767,42.00749700030792],[-93.62334100013464,42.00748400008247],[-93.62280600038235,42.00748499999724]]}},{"type":"Feature","properties":{"kind":"road","class":"local","code":"S1400"},"geometry":{"type":"LineString","coordinates":[[-93.63568900038334,42.01627500020604],[-93.63568900038334,42.01632000014668],[-93.63569199985807,42.01643999983272],[-93.63570199990382,42.01716200006057],[-93.63570399955364,42.017390000256164],[-93.63572000034547,42.018105000140565],[-93.6357229998202,42.018198999722514]]}},{"type":"Feature","properties":{"kind":"road","class":"local","name":"Brookridge Ave","code":"S1400"},"geometry":{"type":"LineString","coordinates":[[-93.62729899973435,42.03164800005191],[-93.62741099988735,42.031629000212575],[-93.62752999971303,42.0315990001386],[-93.62767299982818,42.03152100028035],[-93.62777599976033,42.031430999863076],[-93.62783199983683,42.03133699982495]]}},{"type":"Feature","properties":{"kind":"road","class":"local","name":"Engineering B Rd","code":"S1400"},"geometry":{"type":"LineString","coordinates":[[-93.66289499978575,42.03912599985339],[-93.66136800034668,42.039182999969874],[-93.66101400034435,42.03926899975622]]}},{"type":"Feature","properties":{"kind":"road","class":"local","name":"Hickory Dr","code":"S1400"},"geometry":{"type":"LineString","coordinates":[[-93.67324200004414,42.022986000001914],[-93.67324299986905,42.02317199994174],[-93.67324299986905,42.02326000003935],[-93.67324299986905,42.023350999678584],[-93.6732670001585,42.02371100029647],[-93.67312900006623,42.023811000217584],[-93.67298400030128,42.02388799986946],[-93.67227700012153,42.02420400009892],[-93.67138699964369,42.024584999799146],[-93.67095599964846,42.02480799985883],[-93.6708950004474,42.02484600027278],[-93.67083799964767,42.02488000009713],[-93.67025400038989,42.02523699982373],[-93.67003400028187,42.02546600006041],[-93.66997900003028,42.02558099968454],[-93.66995700028896,42.02570799997938],[-93.66990399968722,42.02620500012859],[-93.6699029998623,42.02631700022731]]}},{"type":"Feature","properties":{"kind":"road","class":"local","name":"Sheldon Ave Exn","code":"S1400"},"geometry":{"type":"LineString","coordinates":[[-93.65416799975121,42.03042500000397],[-93.65419899971334,42.03028700000187],[-93.65426999985846,42.03008100033107],[-93.65435900044524,42.029948000059406],[-93.65446099965416,42.0298219997912],[-93.65458899970068,42.02964399982338],[-93.65464499977716,42.02955700012255],[-93.65465700037106,42.029470000302716],[-93.65466499986867,42.02924300028883],[-93.65467300026458,42.028951000284124],[-93.65466900006663,42.02855899996961],[-93.65464499977716,42.02832400000603],[-93.65464399995227,42.02819200031843],[-93.65458200002797,42.02807399997134],[-93.65454199984501,42.02794199976463],[-93.65447599972278,42.02779699987382],[-93.65440899977563,42.02761400024816],[-93.65436100009505,42.02740600005222]]}},{"type":"Feature","properties":{"kind":"road","class":"local","name":"Colorado Cir","code":"S1400"},"geometry":{"type":"LineString","coordinates":[[-93.66345800002547,42.02529899989347],[-93.66343499956092,42.02530499970331],[-93.66340799979675,42.02532900027146],[-93.66339100007832,42.025355999732064],[-93.66337799965952,42.025402000220105],[-93.6633829996824,42.02542499978433],[-93.66340799979675,42.025446000075505],[-93.66345200017767,42.02545399980327],[-93.66348300013982,42.02545199987142],[-93.66351499992687,42.02544499977583],[-93.66354199969105,42.025422000218796],[-93.66355099991189,42.02539399981847],[-93.66354900026207,42.02536000026901],[-93.66353400019345,42.02533199984138],[-93.66349999985826,42.02530700030706],[-93.66345800002547,42.02529899989347]]}},{"type":"Feature","properties":{"kind":"road","class":"local","name":"S 4th St","code":"S1400"},"geometry":{"type":"LineString","coordinates":[[-93.61367199974369,42.01914699976705],[-93.61370100005601,42.01910999968327],[-93.61374100023897,42.019041999851964],[-93.61378499972159,42.01902399998259],[-93.61404300036277,42.019009999709894],[-93.61434799996131,42.01901100011086],[-93.61530700003613,42.01902600011663],[-93.61610600027738,42.01901699984663],[-93.61687200000836,42.019013000245316],[-93.6171499998427,42.01901899998089],[-93.61780000012105,42.01902300024922],[-93.61816800036706,42.019018000247435],[-93.61836800038361,42.01904100011887],[-93.61866899978416,42.019076000110395],[-93.61909599958145,42.01918300009846],[-93.61926800000889,42.01925000004923],[-93.61933599978093,42.01930699997169],[-93.61941399959875,42.019437999693515],[-93.61958199982824,42.01939399968458],[-93.61972400011848,42.01938000016072],[-93.61991800028723,42.01935399989276],[-93.6204029998108,42.019321000179005],[-93.62062200009392,42.019306000242814],[-93.62070900013256,42.01931400007573],[-93.62089900010336,42.01931199995075],[-93.62112300040934,42.0193099998257],[-93.62165200031386,42.019319000054246],[-93.62201899983667,42.019324000032356],[-93.62273699988705,42.019324999760954],[-93.62293199988073,42.01932600015696],[-93.62375000038855,42.01927099971049],[-93.62408699977414,42.019243999668056],[-93.62515600035213,42.01923200023874],[-93.62595300004524,42.01922799998355],[-93.62629700000184,42.01922599985587],[-93.62673999969262,42.01923399969885],[-93.62682599990634,42.019235000096295],[-93.62685900041662,42.019235999826286],[-93.62710200009086,42.019208999769],[-93.62731100032822,42.01915800014856],[-93.62756099967517,42.01908199984009],[-93.62776200041493,42.01900600010813],[-93.62802000015779,42.0188989998222],[-93.6283940002516,42.018621999792586],[-93.62862600005522,42.0183960001636],[-93.62881299965295,42.01817600021394],[-93.62898799955514,42.01797700025916],[-93.62947100032721,42.01743099970697],[-93.62990999982004,42.016967],[-93.63001699995017,42.016884999806216],[-93.63008499972221,42.016835000091945],[-93.63019299967726,42.01674699977859],[-93.6306179998247,42.016538000298205]]}},{"type":"Feature","properties":{"kind":"road","class":"local","name":"S 16th St","code":"S1400"},"geometry":{"type":"LineString","coordinates":[[-93.60997899955953,42.008392000302564],[-93.6101860001471,42.008385000331295],[-93.61059299985287,42.00838299986259],[-93.61149199965323,42.008379000260014],[-93.61257100027697,42.008385000331295],[-93.61340700032814,42.00839599990433],[-93.6138399999732,42.00839300020306],[-93.6144600001143,42.008388000032994],[-93.61624299964642,42.00837599989038],[-93.61632700021032,42.00837599989038],[-93.61760900032533,42.0083740000889],[-93.61920600008459,42.00839900027301],[-93.62003000044022,42.00838999983408],[-93.6215789996206,42.008383999763225],[-93.62227400010478,42.008386000231894],[-93.62279200013863,42.008381999962],[-93.62385099977257,42.00837499998963],[-93.6247320000296,42.00837499998963],[-93.6253389997519,42.00837499998963],[-93.62573799996008,42.00837499998963],[-93.62602400019036,42.008381999962],[-93.6261890000468,42.00840399977466],[-93.62640199958382,42.00843799971299],[-93.62666299969972,42.008502999838896],[-93.627133000053,42.008716999835514],[-93.6272240002896,42.00876299967843],[-93.62762699979741,42.00896799977823],[-93.62781699976821,42.009032000139655],[-93.62803799970115,42.00908999976498],[-93.62817499996851,42.009119999780566],[-93.62895099974523,42.00920399974904],[-93.62922299973178,42.00921499984795],[-93.62965200007719,42.00923299982364],[-93.630751999719,42.00932599995066],[-93.63115699977496,42.00937700011337],[-93.63147399996735,42.00945800009131],[-93.6317939996345,42.00957499972909],[-93.6320470002528,42.009701999953805],[-93.63206800016918,42.009717000152804],[-93.63224300007138,42.00984400009401],[-93.6325610000887,42.010146999681204],[-93.63260399974641,42.01019299982498],[-93.63302800006895,42.010643999980566],[-93.63372199982989,42.011466999758525]]}},{"type":"Feature","properties":{"kind":"road","class":"local","name":"Creekside Dr","code":"S1400"},"geometry":{"type":"LineString","coordinates":[[-93.62385099977257,42.00837499998963],[-93.62383999990193,42.00800600016657],[-93.62384199955174,42.0076620000119],[-93.62383599970397,42.007536000300874],[-93.62384999994767,42.00749700030792],[-93.62403499989558,42.007483000167746],[-93.62415200007146,42.00745399996288],[-93.62422900006435,42.00739399968111],[-93.62423800028519,42.007345999681995],[-93.62423300026231,42.00698100025605],[-93.62423099971417,42.00683200025787],[-93.62422400004148,42.006311999752214],[-93.62423699956194,42.005841000113534],[-93.62423599973704,42.00495299995839],[-93.62424900015584,42.0045330003125]]}},{"type":"Feature","properties":{"kind":"road","class":"local","name":"Michigan Ave","code":"S1400"},"geometry":{"type":"LineString","coordinates":[[-93.66351499992687,42.03258299998459],[-93.66353800039141,42.033376000183424],[-93.66355500010984,42.03439200029847],[-93.66355699975966,42.03449099994172]]}},{"type":"Feature","properties":{"kind":"road","class":"local","code":"S1400"},"geometry":{"type":"LineString","coordinates":[[-93.633680999822,42.01623300023274],[-93.63368400019506,42.016356000076264],[-93.63368400019506,42.01636899982338],[-93.63368800039302,42.01645400000382],[-93.63370799958618,42.01718299974393],[-93.63371299960906,42.01740299979187],[-93.6337229996548,42.018111999709525],[-93.63372699985274,42.01831699971106],[-93.63374199992137,42.01901899998089],[-93.63374799976916,42.01920500017975],[-93.63375600016508,42.01942700002784],[-93.63376600021083,42.01968400009251],[-93.63375899963981,42.020039000195176],[-93.63375500034017,42.0203530001081],[-93.63586500011043,42.020341000220675]]}},{"type":"Feature","properties":{"kind":"road","class":"local","name":"Hawthorne Ct Dr","code":"S1400"},"geometry":{"type":"LineString","coordinates":[[-93.64333000012145,42.03382800023844],[-93.64332699974842,42.033748000108524],[-93.64331400022795,42.03368100008909],[-93.64327599969478,42.03363100023764],[-93.64316899956467,42.03357600015551],[-93.64298600016487,42.033549000182695],[-93.64287900003475,42.03354200031141],[-93.64267999984312,42.03355700022522],[-93.64252800040548,42.03358899971821],[-93.6423760000695,42.03365800017568]]}},{"type":"Feature","properties":{"kind":"road","class":"local","code":"S1400"},"geometry":{"type":"LineString","coordinates":[[-93.6428830002327,42.0327179997841],[-93.64287200036208,42.033191999760064],[-93.64287900003475,42.03354200031141]]}},{"type":"Feature","properties":{"kind":"road","class":"local","name":"Bruner St","code":"S1400"},"geometry":{"type":"LineString","coordinates":[[-93.64133400015402,42.03931300002083],[-93.64137799963663,42.03927699974596],[-93.64157600000334,42.03923699978722],[-93.64264600040624,42.03915200004162],[-93.64349800035095,42.03909000013971],[-93.64369699964426,42.039060000251595],[-93.6439109999045,42.03903899978769],[-93.64479299998645,42.03898200020923]]}},{"type":"Feature","properties":{"kind":"road","class":"local","name":"Roosevelt Cir","code":"S1400"},"geometry":{"type":"LineString","coordinates":[[-93.62356200006757,42.042076000294074],[-93.62355700004471,42.04228599992072]]}},{"type":"Feature","properties":{"kind":"road","class":"local","name":"University Blvd","code":"S1400"},"geometry":{"type":"LineString","coordinates":[[-93.63337799987332,42.025657000233004],[-93.6334199997061,42.0269929997794],[-93.63346400008703,42.02723300001567],[-93.63359499960828,42.02755499989918],[-93.63363399996635,42.027649999789524],[-93.63374500029441,42.02781999990615],[-93.63396600022736,42.02808500014303],[-93.63419300000807,42.028272999689094],[-93.63460999975959,42.02851099992838],[-93.63498100037867,42.02867700008367],[-93.63546699972717,42.02886300005625],[-93.63617599955674,42.029099999846245],[-93.63730399968595,42.02949800024243],[-93.63874599963455,42.02995200030743],[-93.63881000010697,42.02997200020927],[-93.63889899979542,42.02999999992787],[-93.63978400025039,42.03025200017618],[-93.64034999996484,42.0303960002508],[-93.64074800034808,42.030466999945126],[-93.64084100023452,42.030483000137835],[-93.64139400042846,42.03051199985131],[-93.64152499994972,42.030519000056245],[-93.64248400002455,42.03053200024417],[-93.64327099967191,42.03054700020111],[-93.64428499999832,42.03056699991574],[-93.64450900030431,42.03056999990579],[-93.6445710002286,42.030571999676624],[-93.6446499998713,42.030574000114676]]}},{"type":"Feature","properties":{"kind":"road","class":"local","name":"Pammel Ct","code":"S1400"},"geometry":{"type":"LineString","coordinates":[[-93.64472400038947,42.03388199993556],[-93.64487099980425,42.03388099976863],[-93.6461620001401,42.033880000268866],[-93.64667199977802,42.0338739999339],[-93.64706599996333,42.03386899976556],[-93.64747600004215,42.033863000096794],[-93.64788699994588,42.03385799992759]]}},{"type":"Feature","properties":{"kind":"road","class":"local","name":"Ash Ave","code":"S1400"},"geometry":{"type":"LineString","coordinates":[[-93.64439700015133,42.022780999703436],[-93.64439399977827,42.02264800017516],[-93.64436899966391,42.0215129996676],[-93.64435199994547,42.02017199984173],[-93.64435199994547,42.02011200021127],[-93.64434000024991,42.01919700033307],[-93.64430699973964,42.0176089998324],[-93.64429400021916,42.0170219997696],[-93.64429500004405,42.01668400027575],[-93.64429500004405,42.01632600013638],[-93.64429500004405,42.016140999971796],[-93.64429400021916,42.01571100025194],[-93.64429300039424,42.01560399976127],[-93.64429199967103,42.01542699982062],[-93.64428800037139,42.0144639999743],[-93.64426699955668,42.0128619998007],[-93.64426099970888,42.012710999895766],[-93.64428300034851,42.01248400011557],[-93.6443109999376,42.012374000021815],[-93.64436399964103,42.0122870000496],[-93.64444200035716,42.01217700028261],[-93.64453400041867,42.01209599976224],[-93.64464599967334,42.012008000233585],[-93.64486599978137,42.01191800022565],[-93.64520899991305,42.01189099973122],[-93.64558600037991,42.01188099994067],[-93.64576299993193,42.01189099973122],[-93.64590400039724,42.01186899978953],[-93.64606599988062,42.01183499968272],[-93.64617800003361,42.011780000099634],[-93.64638700027099,42.01165399986818],[-93.64667500015108,42.011410000151166]]}},{"type":"Feature","properties":{"kind":"road","class":"local","name":"Manning Ave","code":"S1400"},"geometry":{"type":"LineString","coordinates":[[-93.65984799968197,42.02250799994971],[-93.65984400038232,42.02232800016026],[-93.65984400038232,42.02150599980563]]}},{"type":"Feature","properties":{"kind":"road","class":"local","name":"Pearson Ave","code":"S1400"},"geometry":{"type":"LineString","coordinates":[[-93.64275400036128,42.02007700012257],[-93.64268999988886,42.02002599986356],[-93.64264499968303,42.019959999781676],[-93.6425860001318,42.01988799997826],[-93.64251099978873,42.01975999968149],[-93.64247099960576,42.0196690002419],[-93.64243100032111,42.01961499981617]]}},{"type":"Feature","properties":{"kind":"road","class":"local","name":"Audubon Trl","code":"S1710"},"geometry":{"type":"LineString","coordinates":[[-93.62922899957957,42.03022699990755],[-93.62926799993762,42.03006800005091],[-93.62933800025782,42.029784999913886],[-93.62936199964895,42.02954999981168],[-93.62934599975543,42.029318999795855],[-93.62931499979328,42.029154000223855],[-93.62929399987688,42.028970000256685],[-93.6292870002042,42.028907000185434],[-93.62911499977675,42.028785000177045],[-93.62899299957802,42.02864800020034],[-93.62893800022474,42.02851899993776],[-93.6291890002949,42.028440000051205],[-93.62934599975543,42.02832299975163]]}},{"type":"Feature","properties":{"kind":"road","class":"local","name":"Meadow Glen Rd","code":"S1400"},"geometry":{"type":"LineString","coordinates":[[-93.65140400040295,42.00502699988848],[-93.65144000038796,42.004984999830484],[-93.65173599976566,42.004778000331626],[-93.65193900015524,42.00469699973495],[-93.65206200017889,42.00468600018984],[-93.65262000039573,42.00468600018984],[-93.65288499981128,42.00470500007044],[-93.65299100011649,42.004695999776374],[-93.65315900034598,42.00466399975898],[-93.65322000044534,42.00464100002855],[-93.65333599989798,42.004563999767626],[-93.65362700015113,42.00434000017806],[-93.65384999973388,42.00414200028942],[-93.65400000042003,42.0040089998295],[-93.65462700023383,42.00352800006122],[-93.65474199986156,42.003512999738],[-93.655238999979,42.00348700032638],[-93.6553290003907,42.00348700032638],[-93.65645400014688,42.003481999770784],[-93.65687900029432,42.003473999949065],[-93.65761800026111,42.003471999993444],[-93.65826099996845,42.00346200021459],[-93.65888799978224,42.003473999949065]]}},{"type":"Feature","properties":{"kind":"road","class":"local","code":"S1400"},"geometry":{"type":"LineString","coordinates":[[-93.63586500011043,42.020341000220675],[-93.63586900030839,42.01999400021666],[-93.63586000008756,42.01963399990942]]}},{"type":"Feature","properties":{"kind":"road","class":"local","name":"State St","code":"S1400"},"geometry":{"type":"LineString","coordinates":[[-93.65913499965444,42.022164000145686],[-93.65911899976092,42.02155799990588]]}},{"type":"Feature","properties":{"kind":"road","class":"local","name":"Hughes St","code":"S1400"},"geometry":{"type":"LineString","coordinates":[[-93.64429500004405,42.01668400027575],[-93.64415299975384,42.01665300005254],[-93.64396100013323,42.01659199999982]]}},{"type":"Feature","properties":{"kind":"road","class":"local","name":"Alberta Ave","code":"S1400"},"geometry":{"type":"LineString","coordinates":[[-93.6735929996734,42.03453699982456],[-93.67359500022155,42.03479099973862],[-93.67360400044238,42.03502599981364],[-93.67365299994788,42.0351569998417],[-93.67369899997864,42.03524899994448],[-93.67375099985716,42.03531100025769],[-93.67379299968995,42.0353940001842],[-93.67381100013162,42.03552699973586],[-93.67378699984218,42.03575600026824],[-93.67378799966707,42.035831999994514],[-93.67378000016947,42.03591600004275]]}},{"type":"Feature","properties":{"kind":"road","class":"local","code":"S1400"},"geometry":{"type":"LineString","coordinates":[[-93.67140000006248,42.023155999910884],[-93.67212599961047,42.0231850002975],[-93.67324299986905,42.02317199994174]]}},{"type":"Feature","properties":{"kind":"road","class":"local","name":"Mesa Verde Pl","code":"S1400"},"geometry":{"type":"LineString","coordinates":[[-93.6721340000064,42.03048399969102],[-93.67198199967044,42.03057299989563],[-93.67177099978325,42.03078900012899],[-93.67157499996465,42.03097300016896],[-93.67148499955297,42.03107400022199],[-93.67146100016183,42.03110200012239],[-93.6714019997123,42.03123099981395],[-93.67135599968152,42.031445000069816],[-93.67134700035903,42.03155399966749],[-93.67135200038189,42.031964999940215],[-93.67134499981088,42.03224400027671]]}},{"type":"Feature","properties":{"kind":"road","class":"local","name":"Chamberlain Pl","code":"S1400"},"geometry":{"type":"LineString","coordinates":[[-93.65096699966162,42.021472999873986],[-93.6509719996845,42.02030299978367]]}},{"type":"Feature","properties":{"kind":"road","class":"local","name":"S 4th St","code":"S1400"},"geometry":{"type":"LineString","coordinates":[[-93.63492899960183,42.01628899974603],[-93.63538200023667,42.01627999975607],[-93.63568900038334,42.01627500020604],[-93.6358979997224,42.01627099976484],[-93.63619900002126,42.0162660002141],[-93.6372569998303,42.01625200000163],[-93.63925299979775,42.0162289997889],[-93.639354999905,42.016228000011594]]}},{"type":"Feature","properties":{"kind":"road","class":"local","name":"Bel Air Dr","code":"S1400"},"geometry":{"type":"LineString","coordinates":[[-93.62683599995208,42.038288999734654],[-93.62686400043948,42.039068999685774],[-93.62686299971625,42.03983300023384],[-93.62685799969339,42.04053499977586],[-93.62690000042448,42.04071600011084],[-93.62699099976278,42.04087700013035],[-93.6270490003874,42.04092300006097],[-93.62712499965708,42.04098400012072],[-93.62719199960424,42.041038999796235],[-93.62725100005377,42.04106100032028],[-93.62759699966018,42.04118500022025],[-93.62766500033057,42.041200000331656],[-93.62775800021697,42.04122000002989],[-93.62806700001346,42.041228999825314],[-93.62918400027205,42.04121799992691]]}},{"type":"Feature","properties":{"kind":"road","class":"local","code":"S1400"},"geometry":{"type":"LineString","coordinates":[[-93.64347499988642,42.009008000095086],[-93.6434249996577,42.008899999782535]]}},{"type":"Feature","properties":{"kind":"road","class":"local","name":"Stanton Ave","code":"S1400"},"geometry":{"type":"LineString","coordinates":[[-93.64849899969109,42.02279699982861],[-93.64849899969109,42.02265499991141],[-93.6485000004143,42.02144199998326],[-93.64848899964532,42.02074800008763],[-93.64848600017059,42.020051999856804],[-93.64848500034567,42.01993300003179],[-93.64848199997265,42.01915500028742],[-93.64850999956172,42.01844800013753],[-93.64850500043718,42.01795199983514],[-93.64849500039143,42.01698999994582],[-93.64849100019347,42.016144999753756],[-93.64848699999551,42.015727999939074]]}},{"type":"Feature","properties":{"kind":"road","class":"local","name":"Agg Ave","code":"S1400"},"geometry":{"type":"LineString","coordinates":[[-93.64118199981806,42.01755399990311],[-93.64114500000812,42.01743800001752],[-93.64109399995449,42.01718299974393],[-93.64107600041116,42.01695699967277],[-93.64108499973366,42.016769000035175]]}},{"type":"Feature","properties":{"kind":"road","class":"local","name":"6th St","code":"S1400"},"geometry":{"type":"LineString","coordinates":[[-93.61046099960838,42.02699799982139],[-93.61092199974084,42.02697300027492],[-93.6121169998172,42.02694800005132],[-93.61375899978235,42.026917000160786],[-93.61390000024763,42.02691399999835],[-93.61457100044238,42.02691599988421],[-93.61470600016158,42.02691599988421],[-93.61538099965595,42.026891000305504],[-93.61583000009286,42.02687499987598],[-93.61663199980885,42.02687800004021],[-93.61691499966605,42.02687400026604],[-93.6178539996494,42.026860999997325],[-93.61915800040403,42.026849000003516],[-93.6200019999528,42.02683300023073],[-93.62013400019728,42.02682600028714],[-93.62027800013735,42.0268180000647],[-93.62154400035882,42.026811999730384],[-93.62202499968444,42.02680999984126],[-93.62267199958971,42.02680100000572],[-93.62354899964878,42.026789000000626],[-93.62442999990581,42.02675999992333],[-93.62536200021644,42.02675900031158],[-93.6259859996572,42.02675900031158],[-93.62652999963034,42.02675900031158],[-93.62663199973758,42.02675900031158],[-93.6267170001264,42.026754999862625],[-93.62682699973124,42.02676399970466],[-93.62705600006011,42.026806999673816],[-93.6273020001074,42.02690599978699],[-93.62753700028405,42.02699900009664],[-93.62806199999058,42.02730700005038],[-93.62827399970269,42.02742699968904],[-93.62861799965928,42.02762199970312],[-93.62985600029167,42.02829699980407],[-93.63010999983658,42.02841700024315],[-93.63015599986733,42.02843899979859],[-93.63047300005974,42.02854999971439],[-93.63066300003055,42.028603000309175],[-93.63083700010782,42.02861600022171],[-93.6309919999185,42.02862299996815],[-93.6311459999043,42.0286100000571],[-93.63133400022527,42.02858100014319],[-93.63150199955645,42.02852699994613],[-93.63178399958875,42.02841299989852],[-93.63206899999412,42.028220000153766],[-93.63213299956821,42.02816600031733],[-93.63224600044443,42.02807000027242],[-93.63247099967701,42.027944000285444],[-93.63264899995225,42.02788500024278],[-93.63284700031898,42.02780699983088],[-93.6331450002448,42.02773700009831],[-93.63363399996635,42.027649999789524]]}},{"type":"Feature","properties":{"kind":"road","class":"local","name":"Scott Cir","code":"S1400"},"geometry":{"type":"LineString","coordinates":[[-93.6605969996945,42.03448900029418],[-93.6605969996945,42.03481600021379]]}},{"type":"Feature","properties":{"kind":"road","class":"local","name":"S Riverside Dr","code":"S1400"},"geometry":{"type":"LineString","coordinates":[[-93.6295759999092,42.022851000221486],[-93.62957199971125,42.021620999919016],[-93.62957000006142,42.02042299996235],[-93.62956500003855,42.02016499983219]]}},{"type":"Feature","properties":{"kind":"road","class":"local","name":"Walton Dr","code":"S1400"},"geometry":{"type":"LineString","coordinates":[[-93.67024400034416,42.008402999874384],[-93.67023000010045,42.00872899991384],[-93.67021500003183,42.009290000046825],[-93.67021400020693,42.00936000006366],[-93.67021400020693,42.009429000119326],[-93.67021599985675,42.009577000160306],[-93.67021800040489,42.009649000290324],[-93.67022099987962,42.00971999979169],[-93.67022199970454,42.00979000000284],[-93.67022199970454,42.009859000259524],[-93.67022199970454,42.009920999971676],[-93.67022199970454,42.01000100004926],[-93.67022099987962,42.01005199967078],[-93.67022099987962,42.01007500011491],[-93.67022000005471,42.010149999967304],[-93.67021900022979,42.01022499973123],[-93.67021900022979,42.01029800033325],[-93.67022000005471,42.01037100018396],[-93.67022199970454,42.01044099967873],[-93.67022300042777,42.01051200029855],[-93.67022199970454,42.010579999906014],[-93.67022099987962,42.0106449998456],[-93.67022099987962,42.01065899995742],[-93.67022199970454,42.0107039998668],[-93.67022400025267,42.01076000024355],[-93.6702269997274,42.01081199978644],[-93.6702269997274,42.01086499981588],[-93.6702269997274,42.01091600007959],[-93.67022799955231,42.01096599977495],[-93.67023099992537,42.01101199999389],[-93.6702629997124,42.01110000023307],[-93.67029100019982,42.01113999987676],[-93.67038400008624,42.01119900010629],[-93.67044299963747,42.01122200013569],[-93.67050499956174,42.01123799983197],[-93.67056700038435,42.0112500001022],[-93.67069600025577,42.01125500004726],[-93.67075900000496,42.01125299966876],[-93.67082099992923,42.01125299966876],[-93.67088600022657,42.01125299966876],[-93.67094899997575,42.011251999813275],[-93.6710569999308,42.01124799972356],[-93.67113200027387,42.01124600001236],[-93.67122199978724,42.011251999813275],[-93.6713320002904,42.011254000191755],[-93.6714440004434,42.01125500004726]]}},{"type":"Feature","properties":{"kind":"road","class":"local","name":"Co Rd E41","code":"S1400"},"geometry":{"type":"LineString","coordinates":[[-93.67140000006248,42.022906999913076],[-93.67157999998753,42.02287400004118],[-93.67303700000471,42.022859999948835],[-93.67323600019634,42.02287099968801],[-93.67366499964344,42.02288699979052],[-93.6757590004185,42.022906000240745],[-93.67812199990875,42.02291699997201],[-93.67870299969181,42.02291400028816],[-93.67877100036216,42.02291299994859],[-93.68007799969321,42.02290099987698],[-93.68048299974917,42.02289699985261],[-93.68151299996912,42.02290299988908],[-93.68222599999665,42.02289499984033],[-93.68260199974027,42.02289099981554],[-93.68378199974804,42.022896000180125],[-93.68435300038367,42.02288600011794],[-93.68466200018015,42.02292900004059]]}},{"type":"Feature","properties":{"kind":"road","class":"local","name":"N Maple Ave","code":"S1400"},"geometry":{"type":"LineString","coordinates":[[-93.6252180002764,42.02287499971401],[-93.62522300029929,42.023463000133724],[-93.62522800032214,42.024044999858745],[-93.62523499999483,42.024631000177756],[-93.62524400021567,42.02522000000932]]}},{"type":"Feature","properties":{"kind":"road","class":"local","name":"Alabama Ln","code":"S1400"},"geometry":{"type":"LineString","coordinates":[[-93.67198699969332,42.03452700025899],[-93.6720419999449,42.03492100010045],[-93.67209800002138,42.03504499997195],[-93.67227200009866,42.03524100011488],[-93.67231399993145,42.035300000002074],[-93.67234400006868,42.03537600027364],[-93.67233800022089,42.0354260000867],[-93.67230100041097,42.03555000030735],[-93.67226200005292,42.03574199967664]]}},{"type":"Feature","properties":{"kind":"road","class":"local","name":"Ontario Cir","code":"S1400"},"geometry":{"type":"LineString","coordinates":[[-93.6581110001806,42.03446999996963],[-93.65812000040144,42.03462699984718]]}},{"type":"Feature","properties":{"kind":"road","class":"local","name":"Haber Rd","code":"S1400"},"geometry":{"type":"LineString","coordinates":[[-93.63874499980963,42.02819400016407],[-93.6387499998325,42.02871099986103],[-93.63876200042638,42.02897099983361],[-93.6387630002513,42.029093999727316],[-93.6387630002513,42.029360999800495],[-93.6387630002513,42.02959200033097],[-93.63875400003046,42.02984900001267],[-93.63874599963455,42.02995200030743]]}},{"type":"Feature","properties":{"kind":"road","class":"local","name":"Oliver Cir","code":"S1400"},"geometry":{"type":"LineString","coordinates":[[-93.6661150001419,42.0290790000948],[-93.66600600036196,42.02919000022764],[-93.66598000042269,42.02925100020609],[-93.66598000042269,42.029292000016504],[-93.66601700023261,42.029321000273335],[-93.66606699956301,42.02933500027753],[-93.66612699983747,42.029334000038986],[-93.66619899980748,42.02931099988716],[-93.6662270002949,42.029293000255656],[-93.66624800021128,42.029249999966275],[-93.66624099964028,42.02920300002014],[-93.66613400040846,42.029131000006835],[-93.6661150001419,42.0290790000948]]}},{"type":"Feature","properties":{"kind":"road","class":"local","name":"Hughes St","code":"S1400"},"geometry":{"type":"LineString","coordinates":[[-93.64396100013323,42.01659199999982],[-93.6441779998682,42.01641200014868],[-93.64429500004405,42.01632600013638]]}},{"type":"Feature","properties":{"kind":"road","class":"local","name":"Ontario St","code":"S1400"},"geometry":{"type":"LineString","coordinates":[[-93.65665499998832,42.034477999896275],[-93.65679100043079,42.03448099970168],[-93.65696399978481,42.034485000331664],[-93.65736899984077,42.03449499990384],[-93.6581110001806,42.03446999996963],[-93.65824000005205,42.03446499984814],[-93.6592850003406,42.03446999996963],[-93.6605969996945,42.03448900029418],[-93.66081199977967,42.03448800013673],[-93.66205500043495,42.03449799970845],[-93.66283700005944,42.03449499990384],[-93.66355699975966,42.03449099994172],[-93.66543700027448,42.034485000331664],[-93.66690199978927,42.03450299982735],[-93.6680850001701,42.034498999865725],[-93.66904599989472,42.03449700021843],[-93.66963500007371,42.03450299982735],[-93.67198699969332,42.03452700025899],[-93.67306799996685,42.034535000178465],[-93.6735929996734,42.03453699982456],[-93.6754859997087,42.034544999742785],[-93.67611699972045,42.034548999701514],[-93.67639499955482,42.03455600012908],[-93.67708099981816,42.034574000271874],[-93.67729900027636,42.034578999717525],[-93.67816200009172,42.034578000228784],[-93.67873799985189,42.03457700007275],[-93.67886599989842,42.03457700007275],[-93.67989600011835,42.034574999760686],[-93.68017200030287,42.034574999760686]]}},{"type":"Feature","properties":{"kind":"road","class":"local","name":"Pearson Ave","code":"S1400"},"geometry":{"type":"LineString","coordinates":[[-93.64208800018942,42.018247999953616],[-93.64170599969968,42.01827999981174],[-93.64151900010195,42.01831300006571]]}},{"type":"Feature","properties":{"kind":"road","class":"local","name":"Phoenix St","code":"S1400"},"geometry":{"type":"LineString","coordinates":[[-93.6700359999317,42.0301950000565],[-93.67009399965802,42.03017200021614],[-93.67018599971952,42.03015700017076],[-93.67161900034559,42.030160999738364],[-93.671712000232,42.03020100007151],[-93.67206899970907,42.03045499996477],[-93.6721340000064,42.03048399969102],[-93.67228399979422,42.030517999836384],[-93.67289300006468,42.030550999744186],[-93.67341799977123,42.03055399973498],[-93.67431699957159,42.0305599997161],[-93.67444799999116,42.03055199996356],[-93.67451099974036,42.03054199977105],[-93.67498899959124,42.03034500026166],[-93.67526499977576,42.03023299991953],[-93.67599500042004,42.02992000031795],[-93.67669400020387,42.029643000256975],[-93.67676100015102,42.029603999806966],[-93.67714600011548,42.02952600016976],[-93.678075999878,42.02952900020888],[-93.6787310001792,42.02953100001247]]}},{"type":"Feature","properties":{"kind":"road","class":"local","name":"Hunziker Cir","code":"S1400"},"geometry":{"type":"LineString","coordinates":[[-93.6246130002039,42.04076400027534],[-93.62465800040975,42.040761000099344],[-93.62473500040264,42.04076699978409],[-93.62478200025832,42.040763000216714],[-93.62481099967232,42.04075599980569],[-93.62485400022832,42.04072600003689],[-93.62487000012186,42.040683000143474],[-93.62487099994675,42.04065299967309],[-93.62485599987815,42.04061700015738],[-93.62482900011396,42.04059700026935],[-93.624788999931,42.040582000015604],[-93.62470199989237,42.040583000077085],[-93.62466000005958,42.04059400008542],[-93.62463099974727,42.040606000153026],[-93.62460999983087,42.04062600003822],[-93.62460300015816,42.04066100015571],[-93.6246130002039,42.04076400027534]]}},{"type":"Feature","properties":{"kind":"road","class":"local","name":"Union Dr","code":"S1400"},"geometry":{"type":"LineString","coordinates":[[-93.64273799956945,42.0227789996875],[-93.64273699974453,42.02288200009257],[-93.64273500009472,42.02312500017334],[-93.6427479996152,42.02327400004367],[-93.64276299968381,42.02345100016592],[-93.64276199985889,42.02351099998239],[-93.64281600028555,42.02365100000134],[-93.64288400005762,42.02378299977505],[-93.64306800018063,42.02405099978694],[-93.64328200044088,42.024414000058464],[-93.64338299982491,42.02455499973742],[-93.64365800018452,42.02475799970104],[-93.64422399989895,42.02489700000245],[-93.64424700036349,42.02488299968817],[-93.64437299986186,42.02481599966692],[-93.64454899958896,42.0247290000319],[-93.64469300042734,42.02468400003591],[-93.64484700041311,42.02464200027787],[-93.64497399973641,42.02462200003376],[-93.6451639997072,42.02460100013773],[-93.64545599978526,42.024584999799146],[-93.6459739998191,42.02460399974199],[-93.646162999965,42.02461600015951],[-93.64636499963136,42.024631000177756],[-93.64659800015818,42.02467600021126],[-93.64674600029618,42.02474700028832],[-93.6468740003427,42.02465200006388],[-93.64717800011631,42.024499000162656],[-93.64735499966834,42.02442700016027],[-93.64766400036314,42.02427500003575],[-93.64782199964856,42.02419299992302],[-93.64806400039622,42.02412300021511],[-93.64831499956806,42.024085000036365],[-93.64846299970607,42.02407500016113],[-93.64853300002626,42.02407100021062],[-93.64901000005224,42.024073999839885],[-93.64932300004669,42.024092000281705],[-93.64934700033614,42.02421999986599],[-93.64945699994098,42.02441000012928],[-93.64955900004823,42.024514000208505],[-93.64967700004901,42.024616999804955],[-93.64986399964677,42.024714000036774],[-93.65000099991411,42.02477900021254],[-93.65006100018857,42.02480799985883],[-93.6505630003289,42.025089000187826],[-93.65071300011672,42.025168999871475],[-93.650955999791,42.02527100010625],[-93.6511059995788,42.025333999777],[-93.65124700004411,42.02538499978248],[-93.6515569996655,42.025384000149124],[-93.65191499986581,42.02540999995341],[-93.65224700012682,42.025402000220105],[-93.65341500043903,42.025371999876555],[-93.65428099972911,42.025351000228255]]}},{"type":"Feature","properties":{"kind":"road","class":"local","name":"S Hyland Ave","code":"S1400"},"geometry":{"type":"LineString","coordinates":[[-93.65558399976052,42.02274799976615],[-93.65557899973764,42.02271299979374],[-93.65557700008782,42.022650000195206],[-93.65556799986699,42.0221689999001],[-93.65556399966903,42.021958999866335],[-93.65555899964616,42.021664999721665],[-93.65556000036938,42.02155300010342],[-93.6555610001943,42.020947999749716]]}},{"type":"Feature","properties":{"kind":"road","class":"local","name":"Carrie Ln","code":"S1400"},"geometry":{"type":"LineString","coordinates":[[-93.6416010001177,42.0251159997503],[-93.64175699975331,42.0251269997665],[-93.64185100036296,42.025076999859536],[-93.64193000000569,42.02501799982536],[-93.64199000028013,42.02496599988554],[-93.6420360003109,42.024910000005505],[-93.6419459998992,42.02491700016],[-93.64194099987631,42.02487200029708],[-93.64188700034798,42.02478100016556],[-93.6418670002565,42.024723999811506],[-93.64183399974621,42.024586000112414],[-93.64183100027148,42.02451699981687],[-93.64183399974621,42.02445099972525],[-93.64183299992129,42.024378999668464],[-93.64183399974621,42.024305000229596],[-93.64183700011925,42.02423800026653],[-93.64183799994417,42.02416700028838],[-93.64184399979196,42.02409600023095],[-93.64184799998992,42.02403199967888],[-93.641847000165,42.023965000095416],[-93.64184600034008,42.0239019997355],[-93.64185800003565,42.023807000250414],[-93.64187999977696,42.023762000269194],[-93.6419459998992,42.02375100001682],[-93.64203100028803,42.02375400032853],[-93.64211900015157,42.02374999969048],[-93.64218100007585,42.02377699982158],[-93.6422470001981,42.02385800014618],[-93.64225399987077,42.02390799967713]]}},{"type":"Feature","properties":{"kind":"road","class":"local","name":"Hawthorne Ct","code":"S1400"},"geometry":{"type":"LineString","coordinates":[[-93.64014199955237,42.033736000080346],[-93.6398829999846,42.03373700024962],[-93.63961799967075,42.03370999967795],[-93.63928200011007,42.03365599983469]]}},{"type":"Feature","properties":{"kind":"road","class":"local","name":"Hawthorne Ct Dr","code":"S1400"},"geometry":{"type":"LineString","coordinates":[[-93.64332400027368,42.033952000240774],[-93.64332000007572,42.03413299997667],[-93.6432680001972,42.034291999673314],[-93.64320999957255,42.03432999975597],[-93.64305999978473,42.03437400010417],[-93.64287999985967,42.034403000044065],[-93.64269999993462,42.03438099988378],[-93.64260799987309,42.03436600016443],[-93.64254299957577,42.034349000122354],[-93.64247399997879,42.03432000015782],[-93.642432000146,42.03427999974784],[-93.64240000035898,42.0342009996816],[-93.64239799981083,42.034163999684424],[-93.64238299974221,42.03413800012429]]}},{"type":"Feature","properties":{"kind":"road","class":"local","name":"Lincoln Swing St","code":"S1400"},"geometry":{"type":"LineString","coordinates":[[-93.6732250003257,42.02258299982283],[-93.67360799974202,42.02253299991727],[-93.67396099991944,42.022430000281446],[-93.67405800000382,42.02239599981434],[-93.67425100034768,42.02233000019037],[-93.67442299987681,42.022271000276405],[-93.6748599997198,42.02215199993272],[-93.67522200011805,42.02207599986584],[-93.67534099994374,42.02205099971865],[-93.67555900040195,42.02202899995464],[-93.67593500014559,42.02198899981832],[-93.67627300025438,42.02197399984408],[-93.67631500008719,42.02197199980276],[-93.67680100033398,42.02199499994047],[-93.67709300041204,42.02200900022328],[-93.67742999979761,42.022045999954955],[-93.67776200005862,42.02210000031825],[-93.67797399977073,42.02213999971743],[-93.67819200022893,42.02218799989753],[-93.67853299981249,42.022280999767965],[-93.6786819997754,42.022313000266024]]}},{"type":"Feature","properties":{"kind":"road","class":"local","name":"Marshall Ave","code":"S1400"},"geometry":{"type":"LineString","coordinates":[[-93.66892299987107,42.02286100028918],[-93.66892000039635,42.022918000311456],[-93.66894100031274,42.02371399994267],[-93.66893399974174,42.02407599981508],[-93.66892799989395,42.02414600024202],[-93.66890199995468,42.02419099995151]]}},{"type":"Feature","properties":{"kind":"road","class":"local","name":"Hawthorne Ct","code":"S1400"},"geometry":{"type":"LineString","coordinates":[[-93.64015999999403,42.034338999859976],[-93.64018299956025,42.034668999680704],[-93.640200000177,42.03514600022665],[-93.64022399956814,42.0352450000298],[-93.6402999997361,42.03527700000732],[-93.64041600008706,42.035297000235325],[-93.64050800014857,42.035289999889336],[-93.64056599987491,42.03529799971277]]}},{"type":"Feature","properties":{"kind":"road","class":"local","name":"State Ave","code":"S1400"},"geometry":{"type":"LineString","coordinates":[[-93.65914999972306,42.02275100012513],[-93.65914600042342,42.02262500027371],[-93.65913499965444,42.022164000145686],[-93.65911899976092,42.02155799990588],[-93.65911700011111,42.0215129996676],[-93.65910600024046,42.0209170002704],[-93.65910500041554,42.02083600020329],[-93.65909799984453,42.01986400002564],[-93.65909500036979,42.0196230002776],[-93.65908000030119,42.01890000022491],[-93.65906900043053,42.01828900018606],[-93.65905199981377,42.01739600014487],[-93.6590259998745,42.01650000025821],[-93.65900599978302,42.015542000249134],[-93.65897599964579,42.01416100026097],[-93.65893700018606,42.0119839999769],[-93.65893600036114,42.0119020000329],[-93.6589270001403,42.010727999938965],[-93.65892399976725,42.010107000080524],[-93.65892299994233,42.009953999890755],[-93.65891600026966,42.00869699992248],[-93.65892299994233,42.00700100004111],[-93.65893399981299,42.006779000205746],[-93.65891100024677,42.00616999973793],[-93.6588919999802,42.003987999801716],[-93.65888799978224,42.003473999949065],[-93.65888299975937,42.0030370001487],[-93.65888299975937,42.002956000005724],[-93.65888199993447,42.002864999886896],[-93.65887400043685,42.002809999891326],[-93.6588779997365,42.002354000294],[-93.6588779997365,42.00231699978661],[-93.65887500026176,42.00205900030529],[-93.65886400039112,42.00190300011142],[-93.65885400034537,42.00184599994514],[-93.65883400025389,42.00173600014754],[-93.65881199961426,42.00161200006273],[-93.65877499980434,42.00145000005079],[-93.65874200019239,42.00134000023618],[-93.65868699994078,42.001187999669604],[-93.65860900012298,42.00102299986451],[-93.65842199962691,42.00065900023389],[-93.65794999962381,41.99975099979741],[-93.6577799997445,41.999457999839095],[-93.6577220000182,41.999219999675105],[-93.65771399962227,41.99915700016989],[-93.65769199988095,41.998972000139176],[-93.65776999969876,41.99860900017949],[-93.65780499985885,41.99853600018397],[-93.65782699960018,41.998490000290104],[-93.65788600004971,41.99838300020516]]}},{"type":"Feature","properties":{"kind":"road","class":"local","name":"Ames High Dr","code":"S1400"},"geometry":{"type":"LineString","coordinates":[[-93.6322380000485,42.04052599988213],[-93.63159500034119,42.04076599972545],[-93.63153000004387,42.04080499999802]]}},{"type":"Feature","properties":{"kind":"road","class":"local","name":"Lincoln Way","code":"S1400"},"geometry":{"type":"LineString","coordinates":[[-93.62297500043675,42.02287000001511],[-93.62364300025843,42.02287499971401],[-93.62379300004626,42.022876000054126],[-93.6252180002764,42.02287499971401],[-93.62679599976912,42.02287200002818],[-93.6283370003502,42.02286300030253],[-93.6295759999092,42.022851000221486],[-93.62982299978141,42.022849000207756],[-93.63071099971111,42.02283900013813],[-93.63112699963773,42.0228339997691],[-93.63257299978426,42.022818000320534],[-93.63317500038204,42.022819999667895],[-93.6332370003063,42.02282100000887],[-93.63340899983544,42.02282199968253],[-93.63349800042222,42.02282199968253],[-93.63357100021716,42.02282199968253],[-93.63580599966087,42.02275399981668],[-93.63761500003058,42.02275599983339],[-93.63833599955572,42.02274599974918],[-93.63930800004933,42.02274700009133],[-93.63933399998861,42.02274700009133],[-93.63949299999726,42.022749999783066],[-93.63965299983083,42.02275300014195],[-93.64053900011073,42.022771000290454],[-93.64202399971701,42.022773000306636],[-93.6423479995821,42.022773000306636],[-93.64264100038338,42.022776999671514],[-93.64273799956945,42.0227789996875],[-93.64327800024293,42.02278699975084],[-93.64439700015133,42.022780999703436],[-93.64452099999988,42.02278000002914],[-93.64509000008735,42.02278000002914],[-93.64555600024268,42.02278000002914],[-93.64625400020161,42.02278800009234],[-93.64641300021026,42.02279000010804],[-93.64655600032539,42.02279000010804],[-93.64721999994912,42.022792999797694],[-93.64849899969109,42.02279699982861],[-93.64961799959947,42.0228020002006],[-93.6500710002343,42.02280400021581],[-93.65014900005211,42.02280400021581],[-93.65052599962068,42.022804999889736],[-93.65087499960013,42.02280600023095],[-93.65162299978776,42.0228020002006],[-93.65170999982638,42.0228020002006],[-93.65205499960788,42.02279800017],[-93.65263100026637,42.022786000076636],[-93.6541190002457,42.02275399981668],[-93.65422100035295,42.022751999799894],[-93.6548010003111,42.022741000040135],[-93.65558399976052,42.02274799976615],[-93.65602499980149,42.022751999799894],[-93.65704999999853,42.02275100012513],[-93.65845299958906,42.022749999783066],[-93.65914999972306,42.02275100012513],[-93.65985500025297,42.02275399981668],[-93.66100900032147,42.02276700025791],[-93.66161500021889,42.02278000002914],[-93.66196300037342,42.02278699975084],[-93.66275900024164,42.02278200004503],[-93.66299900044116,42.02278800009234],[-93.66384899983771,42.022806999904844],[-93.66478699999612,42.02281699997946],[-93.66596600017898,42.0228359997833],[-93.66633600007484,42.02284300016615],[-93.66656100020575,42.022841999825516],[-93.66710600000377,42.022841999825516],[-93.66752500030343,42.022841999825516],[-93.66892299987107,42.02286100028918],[-93.67031600031417,42.02288200009257],[-93.67140000006248,42.022906999913076]]}},{"type":"Feature","properties":{"kind":"road","class":"local","name":"Hawthorne Ct","code":"S1400"},"geometry":{"type":"LineString","coordinates":[[-93.64289400010337,42.03545000016979],[-93.64289400010337,42.03529100003414]]}},{"type":"Feature","properties":{"kind":"road","class":"local","name":"Hawthorne Ct","code":"S1400"},"geometry":{"type":"LineString","coordinates":[[-93.64018299956025,42.03369199995769],[-93.64014199955237,42.033736000080346]]}},{"type":"Feature","properties":{"kind":"road","class":"local","code":"S1400"},"geometry":{"type":"LineString","coordinates":[[-93.63594899977602,42.01911300021397],[-93.63574299991168,42.01911399994592]]}},{"type":"Feature","properties":{"kind":"road","class":"local","name":"Christensen Dr","code":"S1400"},"geometry":{"type":"LineString","coordinates":[[-93.62965200007719,42.00923299982364],[-93.62965000042738,42.00916500011123],[-93.62963399963552,42.008087999793055],[-93.62963799983348,42.00724599990123],[-93.63010800018675,42.007353999684355],[-93.63034400018832,42.00747700001134],[-93.63060899960387,42.00744899971906],[-93.63043600024982,42.007256999671206],[-93.6302379998831,42.00694499969266],[-93.63018099998169,42.00649200015149],[-93.63068200029711,42.006482000179766]]}},{"type":"Feature","properties":{"kind":"road","class":"local","name":"Hawthorne Ct Dr","code":"S1400"},"geometry":{"type":"LineString","coordinates":[[-93.64014199955237,42.033736000080346],[-93.6398829999846,42.03373700024962],[-93.63961799967075,42.03370999967795],[-93.63928200011007,42.03365599983469],[-93.63826600013384,42.033485999979064],[-93.63798099972847,42.033426000235465]]}},{"type":"Feature","properties":{"kind":"road","class":"local","name":"Morrill Rd N","code":"S1400"},"geometry":{"type":"LineString","coordinates":[[-93.64792399975582,42.030547999753296],[-93.64792399975582,42.030595000039476],[-93.64794600039542,42.03207800009493],[-93.64792600030395,42.03246700016011]]}},{"type":"Feature","properties":{"kind":"road","class":"local","name":"Hawthorne Ave","code":"S1400"},"geometry":{"type":"LineString","coordinates":[[-93.66269599959413,42.02643699973279],[-93.6626870002716,42.02672399987798],[-93.66269599959413,42.027377999858395],[-93.66272400008154,42.02806700016445],[-93.6627280002795,42.02829999990124]]}},{"type":"Feature","properties":{"kind":"road","class":"local","name":"Minnesota Ave","code":"S1400"},"geometry":{"type":"LineString","coordinates":[[-93.6627709999372,42.0375820001899],[-93.66275800041673,42.036448999675635],[-93.66276099989146,42.036394000030505],[-93.66279699987648,42.03572399986469],[-93.66282899966353,42.03513899986402],[-93.66283500040961,42.03465000007715],[-93.66283700005944,42.03449499990384]]}},{"type":"Feature","properties":{"kind":"road","class":"local","name":"Mortensen Pkwy","code":"S1400"},"geometry":{"type":"LineString","coordinates":[[-93.63939099989001,42.00846399977133],[-93.63942699987503,42.008467000136754],[-93.63991899996961,42.00851400005903],[-93.64030599958392,42.00850899989854],[-93.64049899992776,42.00851499995756],[-93.64069700029447,42.008529999769],[-93.64081899959488,42.00855699968759],[-93.64132199956013,42.0087179997309],[-93.64175299955535,42.008928000103666],[-93.64196900036373,42.0090219998997],[-93.64216799965705,42.009081000091264],[-93.64253599990309,42.00912099966961],[-93.64292699971533,42.00910799977604],[-93.64303100037073,42.00908700009638],[-93.6431359999527,42.00906599974229],[-93.64347499988642,42.009008000095086],[-93.64394400041479,42.00893500001514],[-93.6443109999376,42.008881999712564],[-93.64448800038791,42.00886699998417],[-93.64473500026013,42.00888900029665],[-93.64491299963704,42.00892299997571],[-93.64511400037681,42.009008000095086],[-93.6452189999588,42.00906599974229],[-93.64532600008891,42.00915099967064],[-93.6454230001733,42.00924700024619],[-93.645501999816,42.009379999768285],[-93.64554100017408,42.00946800026272],[-93.64558999967956,42.009677000281776],[-93.64565999999976,42.010071999825286],[-93.64570900040357,42.01029000003363],[-93.64585400016851,42.01060700028947],[-93.64594700005495,42.0107660000903],[-93.64610500023869,42.01094099993216],[-93.64627000009511,42.011106000047704],[-93.64656200017316,42.01134299995021],[-93.64667500015108,42.011410000151166],[-93.64681300024333,42.01149100021024],[-93.6470430003971,42.01161499973005],[-93.64740300024722,42.0117419998866]]}},{"type":"Feature","properties":{"kind":"road","class":"local","name":"Greeley St","code":"S1400"},"geometry":{"type":"LineString","coordinates":[[-93.64067300000502,42.02016100030303],[-93.64057699974555,42.020096999794276],[-93.6403330002464,42.019992000113064],[-93.640200000177,42.01995900006306],[-93.6401430002756,42.019956999958325]]}},{"type":"Feature","properties":{"kind":"road","class":"local","code":"S1400"},"geometry":{"type":"LineString","coordinates":[[-93.63592500038489,42.01820200029619],[-93.6357229998202,42.018198999722514]]}},{"type":"Feature","properties":{"kind":"road","class":"local","name":"Bissell Rd","code":"S1400"},"geometry":{"type":"LineString","coordinates":[[-93.65191499986581,42.02540999995341],[-93.65188300007875,42.026429000128715],[-93.6518789998808,42.02722400024007],[-93.6518799997057,42.0288900000178],[-93.65188800010161,42.02956199996288],[-93.65189899997227,42.03042600022529]]}},{"type":"Feature","properties":{"kind":"road","class":"local","code":"S1400"},"geometry":{"type":"LineString","coordinates":[[-93.63736399996041,42.02123799974412],[-93.63735999976245,42.02101499984294],[-93.63734399986893,42.02000199996308],[-93.6373420002191,42.01964399981568],[-93.63733200017336,42.019383000011295],[-93.63732299995253,42.01916300013933],[-93.63731700010474,42.01899999970389],[-93.63730100021122,42.018287000028835],[-93.63729600018834,42.0181000000666],[-93.63728000029484,42.017368000214354],[-93.63727500027196,42.01711700004831],[-93.6372579996552,42.016306999722175],[-93.6372569998303,42.01625200000163]]}},{"type":"Feature","properties":{"kind":"road","class":"local","code":"S1740"},"geometry":{"type":"LineString","coordinates":[[-93.65299799978918,42.04279700024912],[-93.65326899995082,42.04265899975736],[-93.65340500039328,42.04257199985891],[-93.65353000006674,42.04249300009333],[-93.65368300022762,42.042423999888314],[-93.65375199982459,42.042382999876054],[-93.65376199987034,42.042375000277396],[-93.65377000026625,42.042365999977136],[-93.65377600011405,42.04235500027556],[-93.6537810001369,42.04234299987116],[-93.65378299978673,42.042331000131654],[-93.65378299978673,42.042318999722674],[-93.6537810001369,42.04230599994428],[-93.65377699993894,42.042294000197735],[-93.65377100009117,42.04228299981659],[-93.65376299969525,42.04227400017045],[-93.65375400037273,42.042264999855874],[-93.65374299960376,42.04225900031259],[-93.6537319997331,42.042254000136815],[-93.65367599965661,42.04223500013237],[-93.65361999958012,42.04222000026535],[-93.65356199985379,42.04221099994313],[-93.65350300030256,42.04220699979951],[-93.65344399985302,42.04220899987135],[-93.65339899964717,42.04220599976358],[-93.65335299961643,42.04220899987135],[-93.6533080003089,42.042219000229586],[-93.65326499975286,42.04223500013237],[-93.653223999745,42.04225600020718],[-93.65317299969138,42.0422839998513],[-93.65311900016302,42.04230599994428],[-93.65306399991142,42.04232199982516],[-93.65300600018512,42.04233300019955],[-93.65290499990277,42.04234599997246],[-93.65283899978051,42.042356000309134],[-93.65277199983338,42.04235799970919],[-93.65274099987124,42.042356000309134],[-93.65270499988623,42.042354000241964],[-93.65263899976398,42.04234299987116],[-93.65257500018988,42.042324999927445],[-93.65251300026561,42.04230099977221],[-93.65245299999114,42.0422710000657],[-93.65239699991464,42.04223500013237],[-93.65234800040916,42.04219399999815],[-93.65229599963232,42.0421569999845],[-93.65224100027903,42.04212500013562],[-93.6521829996544,42.04209799979193],[-93.65212400010319,42.04207500025609],[-93.65171800022229,42.04192799983531],[-93.65166799999359,42.041911999855216],[-93.65161699993998,42.04190200011582],[-93.65156400023652,42.04189699991195],[-93.65151200035798,42.0418959998711],[-93.65145999958114,42.04190100007504],[-93.65111399997473,42.04192699979499],[-93.65092400000394,42.04195000005156],[-93.65073400003311,42.041978999870075],[-93.65054599971215,42.042012999870494],[-93.6503580002895,42.04205400012151],[-93.65029800001503,42.04206699995151],[-93.65023799974058,42.04208499996832],[-93.65018099983916,42.042109000205144],[-93.65012499976268,42.04213699991404],[-93.65007299988413,42.04216999979343],[-93.65002299965542,42.04220699979951],[-93.64997699962467,42.04224899996065],[-93.64992800011919,42.04228099974708],[-93.64991399987548,42.042284999886],[-93.64989799998195,42.042284999886],[-93.64988200008844,42.042281999781814],[-93.64986700001981,42.042277000275],[-93.6498529997761,42.04226899999581],[-93.64984100008054,42.04225999968058],[-93.64981699979108,42.04224000030968],[-93.64979699969962,42.042217000158104],[-93.64977900015627,42.04219199992588],[-93.64976599973748,42.0421650002778],[-93.64964500026196,42.041874999677354],[-93.64961199975168,42.041794999669904],[-93.64958900018547,42.041706999878905]]}},{"type":"Feature","properties":{"kind":"road","class":"local","code":"S1740"},"geometry":{"type":"LineString","coordinates":[[-93.65931999960237,42.01986400002564],[-93.65909799984453,42.01986400002564]]}},{"type":"Feature","properties":{"kind":"road","class":"local","name":"Campus Ave","code":"S1400"},"geometry":{"type":"LineString","coordinates":[[-93.65704999999853,42.02275100012513],[-93.65702599970909,42.02386699973099],[-93.65701599966336,42.02442199991608],[-93.65701700038657,42.02495800009636],[-93.65701700038657,42.02532999990569],[-93.65699999976982,42.02562100023038],[-93.65699999976982,42.02687299998884],[-93.65699999976982,42.02811900023703]]}},{"type":"Feature","properties":{"kind":"road","class":"local","name":"Blankenburg Dr","code":"S1400"},"geometry":{"type":"LineString","coordinates":[[-93.64102799983226,42.04080499999802],[-93.64160600014057,42.041041999959155],[-93.64260200002532,42.0413879997817],[-93.64301399975398,42.04154700000732],[-93.64318799983124,42.0416179999208],[-93.64339500041878,42.04166399998219],[-93.64366599968213,42.041695000019224],[-93.6437970001017,42.041693999975244],[-93.64392900034618,42.04166600007113],[-93.64411699976883,42.041645999846125],[-93.64432400035639,42.04160299990813],[-93.64471799964338,42.041583000330455],[-93.6448259995984,42.041578000101474]]}},{"type":"Feature","properties":{"kind":"road","class":"local","name":"N 3rd St","code":"S1400"},"geometry":{"type":"LineString","coordinates":[[-93.62524400021567,42.02522000000932],[-93.62681199966264,42.025181999818905],[-93.628371999612,42.025205999766214],[-93.62987700020807,42.02520799970579]]}},{"type":"Feature","properties":{"kind":"road","class":"local","name":"Canterbury Ct","code":"S1400"},"geometry":{"type":"LineString","coordinates":[[-93.66276099989146,42.036394000030505],[-93.6622649995989,42.036384000089896],[-93.66184299982451,42.036344999772815]]}},{"type":"Feature","properties":{"kind":"road","class":"local","name":"Oakland St","code":"S1400"},"geometry":{"type":"LineString","coordinates":[[-93.65570500013433,42.02806900001403],[-93.65699999976982,42.02811900023703],[-93.65791500036204,42.02815500015965],[-93.65846400035802,42.0281860001138],[-93.6588140001624,42.02820700016024],[-93.66008299985862,42.02824600013277],[-93.66043900040908,42.0282570002747],[-93.66106299984983,42.02827599978735],[-93.6627280002795,42.02829999990124],[-93.66335000007042,42.028309000191804],[-93.664495999743,42.02834000007085],[-93.66488999992829,42.028346999847734],[-93.66562899989509,42.028359000226025],[-93.66614500027912,42.028385000148184],[-93.66679200018442,42.02842200017309],[-93.6669660002617,42.02840199978358],[-93.66716200008027,42.02833599972137],[-93.6674380002648,42.02820700016024]]}},{"type":"Feature","properties":{"kind":"road","class":"local","name":"Ontario St","code":"S1400"},"geometry":{"type":"LineString","coordinates":[[-93.65565099970767,42.03457700007275],[-93.65586800034096,42.034551000014396],[-93.65627000002387,42.03451700002462],[-93.65665499998832,42.034477999896275]]}},{"type":"Feature","properties":{"kind":"road","class":"local","name":"Amherst Dr","code":"S1400"},"geometry":{"type":"LineString","coordinates":[[-93.6606440004485,42.037066000038536],[-93.66048000041695,42.037184999820646],[-93.6602860002482,42.03733500020967],[-93.65976099964334,42.03758700006617],[-93.65952299999195,42.03761800009067],[-93.65932499962526,42.03760600012605],[-93.6587229999258,42.03758399974013],[-93.65831500039512,42.037577999754916],[-93.65792299985964,42.0376089997838],[-93.6576459998502,42.03761800009067],[-93.65762800030686,42.03760000014286],[-93.65755899981156,42.037550000038635],[-93.65752200000163,42.03754500015946],[-93.65746799957498,42.037546000268776],[-93.65740300017596,42.03757500009564],[-93.65737600041179,42.037603999909315],[-93.6573780000616,42.03764300012097],[-93.65739599960494,42.03769599980567]]}},{"type":"Feature","properties":{"kind":"road","class":"local","name":"Ashmore Cir","code":"S1400"},"geometry":{"type":"LineString","coordinates":[[-93.64184899981483,42.011405000218296],[-93.64187700030223,42.01143700018234],[-93.64191099973911,42.01146299968234],[-93.64192900018077,42.01148999969102],[-93.64194099987631,42.01151800020705],[-93.64194199970125,42.01155900010602],[-93.64192699963263,42.0115909999926],[-93.6419030002415,42.01160499989615],[-93.64185800003565,42.0116179999469],[-93.64182000040083,42.01162000031387],[-93.64177799966971,42.01160899996342],[-93.64175500010349,42.011592999692944],[-93.6417330003622,42.011568999947144],[-93.64172300031643,42.01153700004954],[-93.64172999998914,42.011497999839726],[-93.64176799962398,42.01144499967024],[-93.64184899981483,42.011405000218296]]}},{"type":"Feature","properties":{"kind":"road","class":"local","name":"Greeley St","code":"S1400"},"geometry":{"type":"LineString","coordinates":[[-93.63981799968727,42.01993599985628],[-93.63995499995463,42.01994999992511],[-93.6401430002756,42.019956999958325]]}},{"type":"Feature","properties":{"kind":"road","class":"local","name":"Hilltop Rd","code":"S1400"},"geometry":{"type":"LineString","coordinates":[[-93.66344100030702,42.02096999988774],[-93.66340799979675,42.020148999712035],[-93.66338600005544,42.01897800021911],[-93.66335400026838,42.017969000258],[-93.6633409998496,42.01792700006863],[-93.6632420001154,42.01783999968353]]}},{"type":"Feature","properties":{"kind":"road","class":"local","name":"Wallace Rd","code":"S1400"},"geometry":{"type":"LineString","coordinates":[[-93.64152499994972,42.030519000056245],[-93.64152300029991,42.03038600003373],[-93.64151999992686,42.02990700000487],[-93.64152099975178,42.02925400025819],[-93.64151499990398,42.028913999899835],[-93.6414949998125,42.02853000003245],[-93.64150700040636,42.02788000027056],[-93.64150999988111,42.027748000328316],[-93.64148599959165,42.02736200021871],[-93.6414949998125,42.0272580001272],[-93.6415169995538,42.02715899989487],[-93.64155599991187,42.02705099970825],[-93.64163700010272,42.0269560002574],[-93.64186300005854,42.02677000004351],[-93.64224100035028,42.02646599995744],[-93.64254299957577,42.02620300022036],[-93.64300399970823,42.025822999833046],[-93.64357000032098,42.02536900030854],[-93.64357899964351,42.0253620002038],[-93.64360100028311,42.02535300016328],[-93.64367800027603,42.02528799990703],[-93.64402899990529,42.02503099980367],[-93.64422399989895,42.02489700000245]]}},{"type":"Feature","properties":{"kind":"road","class":"local","name":"Crane Ave","code":"S1400"},"geometry":{"type":"LineString","coordinates":[[-93.66617000039348,42.024913999903234],[-93.66617500041636,42.02542400015159],[-93.66619600033276,42.0264550001729]]}},{"type":"Feature","properties":{"kind":"road","class":"local","code":"S1630"},"geometry":{"type":"LineString","coordinates":[[-93.63724699978455,42.00347000003781],[-93.63746699989258,42.00347699988228],[-93.63824699986726,42.003544999666794],[-93.63885699996261,42.00357600027082],[-93.63935099970703,42.00359299986352],[-93.63952899998228,42.00358600003181],[-93.63959799957924,42.00358300010368],[-93.640228999591,42.00352700008431],[-93.6414529999797,42.00340500010986],[-93.64242299992519,42.00329299970845],[-93.64282200013335,42.003253999784675],[-93.64324999975553,42.00321899976423],[-93.64392699979804,42.0032310002121],[-93.64468599985632,42.00335299985264],[-93.64565300032706,42.003611000094885]]}},{"type":"Feature","properties":{"kind":"road","class":"local","name":"Apple Ave","code":"S1400"},"geometry":{"type":"LineString","coordinates":[[-93.62666299969972,42.008502999838896],[-93.62699599978566,42.00807899997758],[-93.62725100005377,42.007829999683345],[-93.62769899976742,42.00730800015762],[-93.62793599959389,42.007019999897814],[-93.6283859998557,42.006505999842275],[-93.62868799997948,42.0061679998671],[-93.62873200036042,42.006107999707524],[-93.62876900017034,42.00602999994946],[-93.62879799958435,42.00595200009582],[-93.62881400037618,42.005808000063396],[-93.62882000022397,42.00560499968193]]}},{"type":"Feature","properties":{"kind":"road","class":"local","name":"Marston Ave","code":"S1400"},"geometry":{"type":"LineString","coordinates":[[-93.62355399967166,42.031272999889815],[-93.62358800000685,42.03326600019745],[-93.62363099966454,42.03456500020109],[-93.62362999983964,42.03633099997822],[-93.62363700041065,42.038313000070936]]}},{"type":"Feature","properties":{"kind":"road","class":"local","name":"Gaskill Dr","code":"S1400"},"geometry":{"type":"LineString","coordinates":[[-93.64346800021373,42.015779000308065],[-93.64337799980203,42.015666999666536],[-93.6431700002879,42.01533600018732],[-93.64291699966958,42.01486400015409],[-93.64288400005762,42.01480599978673],[-93.64281899976031,42.01440200001828],[-93.64280399969168,42.01367100013464],[-93.6428110002627,42.01325400011729],[-93.64280700006474,42.01291699978311],[-93.64282899980604,42.01266500023808],[-93.64290400014912,42.01242200023176],[-93.64299200001265,42.012233999870126],[-93.64307599967825,42.01209400007766],[-93.643269999847,42.01191400017781],[-93.64348900013013,42.01179399996159]]}},{"type":"Feature","properties":{"kind":"road","class":"local","name":"Greeley St","code":"S1400"},"geometry":{"type":"LineString","coordinates":[[-93.63944899961633,42.019722999954425],[-93.63958599988369,42.01984200017239],[-93.63969499966363,42.01989999995118],[-93.63981799968727,42.01993599985628]]}},{"type":"Feature","properties":{"kind":"road","class":"local","name":"Coolidge Dr","code":"S1400"},"geometry":{"type":"LineString","coordinates":[[-93.62686400043948,42.039068999685774],[-93.62788200006553,42.03904300013076],[-93.62864899962143,42.03904300013076],[-93.6291890002949,42.0390680002676],[-93.62928399983115,42.03909700006714],[-93.62935400015137,42.03912900010658],[-93.62940100000701,42.03916300029768],[-93.62945299988554,42.039214999966006],[-93.62952900005354,42.03932400024902],[-93.62959900037373,42.03941400016425],[-93.6300830000724,42.04009200000973],[-93.63012099970723,42.040164999683725],[-93.63009599959288,42.04022900000519],[-93.63003600021673,42.040267999940184],[-93.62983200000224,42.040376999751246],[-93.62959600000067,42.04052200029958],[-93.62941600007562,42.04064599991712],[-93.6293220003643,42.04082200031458],[-93.62922600010484,42.041044000067615],[-93.62918400027205,42.04121799992691],[-93.62920699983826,42.0414889999627],[-93.62923500032565,42.041997999951015]]}},{"type":"Feature","properties":{"kind":"road","class":"local","name":"Edenburn Dr","code":"S1400"},"geometry":{"type":"LineString","coordinates":[[-93.64299299983757,42.042920000072236],[-93.6424890000474,42.04295700030871],[-93.64194300042446,42.04298200023993],[-93.64188700034798,42.04298500031106],[-93.64153699964528,42.04303600016456],[-93.6412760004277,42.04310300032842],[-93.64087100037173,42.04320999990589],[-93.64060600005787,42.04336500017135],[-93.64048399985913,42.04346099979753],[-93.6404110000642,42.043519000043425],[-93.6403419995689,42.043631000322385],[-93.64030200028427,42.043762999968855],[-93.6402489996825,42.044091000207615],[-93.64024100018489,42.04465499991328],[-93.64024700003267,42.044845999797644],[-93.64025899972823,42.04491000007405],[-93.6402770001699,42.04499900009066],[-93.64032900004844,42.04510299983968],[-93.64043299980551,42.04518299968471],[-93.64060199985991,42.04524400032443],[-93.6408260001659,42.045253000217016],[-93.6410870002818,42.04521699997197],[-93.64137900035986,42.04519500021983],[-93.64200199997569,42.0451629998997],[-93.64222200008372,42.04514800005676],[-93.64229599970356,42.04513700016975],[-93.6425159998116,42.04512900025067],[-93.64263100033764,42.04514200011864],[-93.64271800037626,42.04515100002566],[-93.64288099968456,42.04516899983585],[-93.64319399967903,42.04521899994902],[-93.64374100002519,42.04525100024098],[-93.64389500001099,42.04525700016882],[-93.64403499975306,42.04523899971645],[-93.64416100014975,42.04520000016416],[-93.64430000006693,42.045094999916365],[-93.64438299990762,42.045010999993416],[-93.64444700038003,42.04481199997902],[-93.64445800025068,42.04472199970411],[-93.64448599983977,42.044509000124386],[-93.64449900025858,42.043968999991186],[-93.64449300041078,42.04381299985432],[-93.64444800020495,42.04360099990967],[-93.64437200003697,42.04345499970009],[-93.64427699960241,42.043250000032145],[-93.64418700008903,42.043122000073254],[-93.64410199970021,42.04306300010962],[-93.64399399974519,42.042980000192415],[-93.64386300022393,42.042946000042306],[-93.6437269997815,42.04290499969979],[-93.64347900008438,42.04287899971289],[-93.64329499996137,42.042899000216934],[-93.64299299983757,42.042920000072236]]}},{"type":"Feature","properties":{"kind":"road","class":"local","name":"Baughman Rd","code":"S1400"},"geometry":{"type":"LineString","coordinates":[[-93.6713809997959,42.021250999827956],[-93.67190200020279,42.021257999717996],[-93.67321600010486,42.02126199984548]]}},{"type":"Feature","properties":{"kind":"road","class":"local","name":"N 4th St","code":"S1400"},"geometry":{"type":"LineString","coordinates":[[-93.62211699974596,42.02432800019067],[-93.62211699974596,42.02437099980544],[-93.62212500014186,42.024419999951775],[-93.62214699988317,42.02445299968859],[-93.6221779998453,42.02447899987361],[-93.62222200022624,42.02450100012453],[-93.62237100018916,42.02455499973742],[-93.62368400026631,42.024967999832725],[-93.62436399978357,42.02518100018239],[-93.62458100041687,42.02523100000752],[-93.62468500017393,42.02523600018809],[-93.62491299977955,42.02523600018809],[-93.62524400021567,42.02522000000932],[-93.62524199966752,42.025282000095636],[-93.62525199971329,42.02537100024299],[-93.62526400030715,42.02541500011989],[-93.62529100007133,42.025458999966304],[-93.62536999971404,42.02551500003014],[-93.62544599988202,42.02555100009278],[-93.62564199970062,42.02560700007553],[-93.6260409999088,42.0257349999463],[-93.62636499977388,42.02582000028635],[-93.62679499994418,42.025963999723785],[-93.62810700019644,42.02635299983582],[-93.62840500012227,42.02641300025019]]}},{"type":"Feature","properties":{"kind":"road","class":"local","code":"S1400"},"geometry":{"type":"LineString","coordinates":[[-93.64038900032288,42.03240599993163],[-93.64014400010052,42.032404999741416]]}},{"type":"Feature","properties":{"kind":"road","class":"local","code":"S1400"},"geometry":{"type":"LineString","coordinates":[[-93.6292389996253,42.00444800022168],[-93.6296110000693,42.004431000189875]]}},{"type":"Feature","properties":{"kind":"road","class":"local","name":"Westwood Dr","code":"S1400"},"geometry":{"type":"LineString","coordinates":[[-93.6674879995952,42.024217999895335],[-93.66749900036417,42.025340000250814],[-93.66752600012835,42.02646900014101]]}},{"type":"Feature","properties":{"kind":"road","class":"local","name":"Greeley St","code":"S1400"},"geometry":{"type":"LineString","coordinates":[[-93.6401430002756,42.019956999958325],[-93.64025799990333,42.019911999921774],[-93.64045000042226,42.01985100032563],[-93.6409190000523,42.01972500006648],[-93.64104000042614,42.019645000206665],[-93.64150400003332,42.019498999685844],[-93.64189499984556,42.019453000265955]]}},{"type":"Feature","properties":{"kind":"road","class":"local","name":"Audubon Trl","code":"S1710"},"geometry":{"type":"LineString","coordinates":[[-93.63287699955787,42.03445100030663],[-93.63286200038759,42.03424399995789],[-93.63286099966436,42.03422699988318],[-93.63285700036471,42.03420999980393],[-93.63285099961861,42.03419399988216],[-93.6328420002961,42.03417900011868],[-93.63283100042543,42.034166000009364],[-93.63281800000665,42.0341550002228],[-93.63280399976294,42.034146000092726],[-93.63278799986942,42.03413900028718],[-93.63277100015098,42.03413500030265],[-93.63270099983077,42.034114999709026],[-93.63223200020073,42.03398199987141],[-93.63217600012423,42.03396800022347],[-93.63212000004773,42.033960999731086],[-93.63206200032141,42.033959000066865],[-93.63200600024493,42.033964000228174],[-93.63194900034351,42.03397399988233],[-93.63189499991685,42.03399100002469],[-93.6318420002134,42.03401300031993],[-93.63171800036484,42.03404800007642],[-93.63159299979304,42.03407499983731],[-93.63146700029468,42.03409700010346],[-93.63133900024815,42.034110999722984],[-93.63121100020163,42.03411899969482],[-93.63108300015512,42.03412100002124],[-93.63095400028368,42.034114999709026],[-93.63082700006207,42.03410299975014],[-93.63069999984046,42.034083999977426],[-93.63065800000767,42.03407999998944],[-93.6306179998247,42.034069000187934],[-93.63058000018985,42.034050999902156],[-93.63054599985469,42.03402699995795],[-93.63051599971745,42.03399799984649],[-93.63049099960308,42.033964000228174],[-93.63047200023483,42.03392599992669],[-93.63045999964095,42.033885999936025],[-93.6304410002727,42.033823000066484],[-93.63041699998324,42.033761000303286],[-93.63038699984601,42.033702000321874],[-93.63035300040914,42.0336460001305],[-93.63031300022618,42.03359299973712],[-93.63029599960943,42.03358000017523],[-93.63028899993674,42.033570999963686],[-93.63028399991384,42.03356100024613],[-93.63028100043913,42.03354999968762],[-93.63027899989098,42.03353899979444],[-93.6302799997159,42.03352799989931],[-93.63028200026402,42.03351800017504],[-93.63028599956367,42.03350700027628],[-93.63029200030978,42.03349800005444],[-93.63029899998247,42.033488999831334],[-93.6303080002033,42.03348199995343],[-93.63032800029477,42.03347299972806],[-93.63063799991619,42.03326099998128],[-93.63078400040436,42.033146000238204],[-93.63079799974975,42.03313000004864],[-93.63080799979551,42.033112999675915],[-93.63081600019142,42.033093000095164],[-93.6308019999477,42.032993000095104],[-93.63083700010782,42.032763000098385],[-93.6308429999556,42.03261200007443],[-93.63085899984911,42.032513999694594],[-93.63077400035863,42.032366999842395],[-93.63064200011415,42.03225300000892],[-93.63058000018985,42.032113000249694],[-93.63052800031133,42.031925000049924],[-93.6304069999375,42.03167900030441],[-93.63014699964651,42.03136899976835],[-93.62922899957957,42.03022699990755]]}},{"type":"Feature","properties":{"kind":"road","class":"local","code":"S1400"},"geometry":{"type":"LineString","coordinates":[[-93.63586500011043,42.020341000220675],[-93.63588100000395,42.021014000140866],[-93.6358979997224,42.02168199981924]]}},{"type":"Feature","properties":{"kind":"road","class":"local","name":"Tennis Ct","code":"S1710"},"geometry":{"type":"LineString","coordinates":[[-93.62977099990286,42.02856899980681],[-93.62974699961342,42.02885300026529],[-93.62958400030512,42.02895699974926],[-93.62937300041793,42.02896299988112],[-93.62929399987688,42.028970000256685],[-93.62905100020264,42.0289899998002],[-93.62872700033755,42.029000000236884],[-93.62863100007807,42.02900099981339],[-93.6285569995599,42.02900200005711],[-93.62841199979496,42.02901799995129],[-93.6282729998778,42.0290790000948],[-93.6281690001207,42.029118000199624],[-93.62805299976976,42.029140999754055],[-93.62788999956314,42.02918799974604],[-93.62769799994253,42.029229999837234],[-93.62754899997961,42.0292999999276],[-93.62741799956004,42.02937100017881]]}},{"type":"Feature","properties":{"kind":"road","class":"local","name":"Prairie Vw E","code":"S1400"},"geometry":{"type":"LineString","coordinates":[[-93.63678300017737,42.042821000217046],[-93.63678499982719,42.04297200000179],[-93.63684099990368,42.043131000266435],[-93.63689600015528,42.04319600028939],[-93.6370309998745,42.04324199987546],[-93.63728299976955,42.04323199967824],[-93.63774100042727,42.04323199967824],[-93.63790100026085,42.04327499984804],[-93.63797700042885,42.04335900006484],[-93.63798499992643,42.04409200021392],[-93.63797800025374,42.04469399980012],[-93.63798400010151,42.0452700000106],[-93.63798199955339,42.04539399970175],[-93.63798199955339,42.0455040000429]]}},{"type":"Feature","properties":{"kind":"road","class":"local","code":"S1400"},"geometry":{"type":"LineString","coordinates":[[-93.63950100039318,42.00699699968407],[-93.63931800009509,42.00698699979173],[-93.63915700043658,42.00698000033337],[-93.63895700042006,42.00683300018288],[-93.63878499999261,42.00671299972648],[-93.63864799972526,42.00662799987809],[-93.63857199955727,42.006588000067225]]}},{"type":"Feature","properties":{"kind":"road","class":"local","name":"Wood St","code":"S1400"},"geometry":{"type":"LineString","coordinates":[[-93.65556799986699,42.0221689999001],[-93.65630400035906,42.022160999759],[-93.65769500025401,42.02217000025133],[-93.65913499965444,42.022164000145686]]}},{"type":"Feature","properties":{"kind":"road","class":"local","name":"Peach Ln","code":"S1400"},"geometry":{"type":"LineString","coordinates":[[-93.62739199962077,42.00496699998784],[-93.62738199957504,42.004996999945206],[-93.62737999992521,42.00504499971409],[-93.627385999773,42.00509599997122],[-93.62739800036688,42.00513999985914],[-93.62744100002456,42.00521400023921],[-93.62753800010896,42.00534399967013],[-93.62761900029982,42.00543800008933],[-93.62775300019412,42.00548999997749],[-93.62793800014205,42.00554700021686],[-93.62807200003634,42.00556599984028],[-93.62812100044015,42.00557400006648],[-93.62839799955125,42.00558899990384],[-93.62865799984226,42.00559500023827],[-93.62882000022397,42.00560499968193],[-93.62896599981384,42.005613999847405],[-93.62963299981062,42.00562699978745]]}},{"type":"Feature","properties":{"kind":"road","class":"local","name":"Mary Cir","code":"S1400"},"geometry":{"type":"LineString","coordinates":[[-93.66587999996524,42.027583000015085],[-93.66606499991319,42.02758199974898],[-93.6667200002144,42.02761199971696]]}},{"type":"Feature","properties":{"kind":"road","class":"local","name":"N Russell Ave","code":"S1400"},"geometry":{"type":"LineString","coordinates":[[-93.6283370003502,42.02286300030253],[-93.62834900004577,42.02345799981371],[-93.628371999612,42.02404000025191],[-93.628371999612,42.025205999766214],[-93.62838800040383,42.0257990001187],[-93.62840500012227,42.02641300025019]]}},{"type":"Feature","properties":{"kind":"road","class":"local","name":"Hawthorne Ct","code":"S1400"},"geometry":{"type":"LineString","coordinates":[[-93.64288400005762,42.03460400027609],[-93.64260799987309,42.03459199974236],[-93.64242299992519,42.03460199996488],[-93.64236699984868,42.03461299967414],[-93.64236500019885,42.0346600002906],[-93.64238500029035,42.03502199988497],[-93.64238399956712,42.03510000011735],[-93.64234500010737,42.03510799996471],[-93.64068999972346,42.035133000315135],[-93.64062899962408,42.03517200004159],[-93.64060100003499,42.0352370001997],[-93.64057500009572,42.035274999717295],[-93.64056599987491,42.03529799971277]]}},{"type":"Feature","properties":{"kind":"road","class":"local","name":"Story St","code":"S1400"},"geometry":{"type":"LineString","coordinates":[[-93.66704200042967,42.024213999953815],[-93.6674879995952,42.024217999895335],[-93.66882400013687,42.024217999895335],[-93.66890199995468,42.02419099995151]]}},{"type":"Feature","properties":{"kind":"road","class":"local","name":"Westwood Dr","code":"S1400"},"geometry":{"type":"LineString","coordinates":[[-93.66721899998167,42.0264670002411],[-93.66721399995882,42.026744999740075],[-93.66722099963151,42.02703699986831],[-93.66727300040836,42.02713199986542],[-93.66737200014255,42.02721100004288],[-93.66760300012123,42.0272830002289],[-93.66779999976472,42.02745299999237],[-93.66801499984989,42.027654999779784],[-93.66809299966769,42.02775599976642],[-93.6681069999114,42.027844999786836],[-93.6680519996598,42.02790899983695],[-93.66792500033651,42.02797900004737],[-93.6674380002648,42.02820700016024]]}},{"type":"Feature","properties":{"kind":"road","class":"local","name":"Baker St","code":"S1400"},"geometry":{"type":"LineString","coordinates":[[-93.64636399980644,42.01796799984068],[-93.64850500043718,42.01795199983514]]}},{"type":"Feature","properties":{"kind":"road","class":"local","name":"N Wilmoth Ave","code":"S1400"},"geometry":{"type":"LineString","coordinates":[[-93.66161500021889,42.02278000002914],[-93.66160799964788,42.022818000320534],[-93.66160500017314,42.02304000023423],[-93.66161900041685,42.02377699982158],[-93.6616300002875,42.02414899986775],[-93.66162000024175,42.02497300003392]]}},{"type":"Feature","properties":{"kind":"road","class":"local","name":"Orchard Dr","code":"S1400"},"geometry":{"type":"LineString","coordinates":[[-93.62729200006164,42.03337300032587],[-93.62740000001669,42.03332799977622],[-93.6284350002595,42.03302000030411],[-93.62857699965141,42.03301100001327],[-93.62872300013957,42.033041000088055],[-93.62887100027758,42.03308200012285],[-93.62896099979096,42.03313000004864],[-93.62902299971523,42.033177999938125],[-93.62904399963163,42.03323100001034],[-93.6290539996774,42.03330400022624],[-93.62904299980673,42.033384000247764],[-93.62901699986746,42.033457000287996],[-93.62895599976808,42.03354500016103],[-93.6288150002011,42.033675999905526],[-93.62872099959145,42.03378099967389],[-93.62855300026027,42.03390599993453],[-93.62827799990065,42.034050999902156],[-93.62783900040785,42.03425899970603],[-93.62758900016257,42.03436200019418]]}},{"type":"Feature","properties":{"kind":"road","class":"local","name":"Pearson Ave","code":"S1400"},"geometry":{"type":"LineString","coordinates":[[-93.64243100032111,42.01961499981617],[-93.64234699975721,42.01956000028704],[-93.64224399982504,42.01951400024389],[-93.64210599973278,42.019480999945834],[-93.64189499984556,42.019453000265955],[-93.64209499986212,42.019395000079506],[-93.6422279999315,42.019299999866874],[-93.64234400028245,42.01915600001867],[-93.64243100032111,42.019059999716234]]}},{"type":"Feature","properties":{"kind":"road","class":"local","name":"13th St","code":"S1400"},"geometry":{"type":"LineString","coordinates":[[-93.65564099966193,42.03449099994172],[-93.65551000014067,42.03451499971071],[-93.65515500031343,42.0345929998981],[-93.65449499998935,42.03476400028194],[-93.65389099974176,42.034953999723996],[-93.6538220001448,42.03497100027147],[-93.65369400009828,42.034993999709734],[-93.65345899992164,42.03502099973593],[-93.65323700016377,42.035029000260444],[-93.65299699996427,42.03502300003396],[-93.65274199969615,42.03500399986905],[-93.65232499994463,42.0349580003242],[-93.65186100033743,42.03492600018607],[-93.65121600008199,42.03487300019284],[-93.65103899963165,42.03486500031591],[-93.6506970002232,42.03487599997965],[-93.65053400001659,42.034888999943675],[-93.65015700044803,42.034940000290156],[-93.64993499979188,42.03497000012166],[-93.6494789996823,42.03506500027297],[-93.64851999960749,42.035294999945926],[-93.64802099984018,42.03540599989934],[-93.64736999973695,42.035535999670415],[-93.64720099968252,42.03556099985249],[-93.64681800026621,42.03558800030502],[-93.64639399994368,42.03559700023089],[-93.64581399998553,42.035624000000915],[-93.64527300038546,42.035655000315806],[-93.64489199972066,42.03564699987009],[-93.6447419999328,42.03564500025892],[-93.64447800034218,42.03565199989859],[-93.64398799989742,42.03563500020046],[-93.6434249996577,42.0356559997876],[-93.64334799966481,42.035655000315806],[-93.64291199964673,42.03570399977106]]}},{"type":"Feature","properties":{"kind":"road","class":"local","name":"Hunziker Dr","code":"S1400"},"geometry":{"type":"LineString","coordinates":[[-93.62153900033596,42.04127500016827],[-93.6216489999408,42.041226999722625],[-93.62175299969788,42.04118899976106],[-93.62192500012533,42.04115700009184],[-93.62238700008268,42.04114400007566],[-93.62255199993913,42.041135000268184],[-93.62277700007003,42.04109700025161],[-93.62293400042887,42.041064999868894],[-93.62305400007945,42.041021000150266],[-93.62315700001162,42.040971000069156],[-93.62343499984597,42.040846999751565],[-93.62360700027342,42.040753999688114],[-93.62376299990902,42.04069799970622],[-93.62403300024577,42.0406940001345],[-93.62429900038454,42.04075000011993],[-93.62448099995943,42.04083300028153],[-93.62458100041687,42.04092700028543],[-93.62464900018891,42.04104099990484],[-93.62468599999885,42.041255999871126],[-93.62464699964077,42.04143900024984],[-93.62467900032615,42.04206599991333],[-93.62468799964867,42.04263599975745],[-93.6246550000367,42.04331499993338],[-93.62465000001383,42.0435569999458],[-93.62461499985372,42.04366800014482],[-93.6245499995564,42.04373300028555],[-93.62440700033959,42.04382900002284]]}},{"type":"Feature","properties":{"kind":"road","class":"local","name":"Ironwood Ct","code":"S1400"},"geometry":{"type":"LineString","coordinates":[[-93.63930200020155,42.00587600002661],[-93.63949499964707,42.005881999666485],[-93.63957800038608,42.00585599988789],[-93.63959599992943,42.00585100018601],[-93.63963899958713,42.00582499972726],[-93.6396639997015,42.00580999994554],[-93.63972499980085,42.00574299985388],[-93.63977199965652,42.005621000123526],[-93.63985100019757,42.005281000220435],[-93.63994999993174,42.004737000067216],[-93.63998900028982,42.00455400016041],[-93.6400389996202,42.00444700025918],[-93.6401159996131,42.00432500004622],[-93.64020400037495,42.00422300025763],[-93.64029499971325,42.00413000001343],[-93.64040400039151,42.00405099986425],[-93.64050300012572,42.00399700019593],[-93.64064600024084,42.003929000227],[-93.64076800043959,42.00388300022647],[-93.64108399990876,42.00382199994222],[-93.64271800037626,42.003664000116004],[-93.64287099963883,42.00365399969977],[-93.64304700026425,42.003671999913884],[-93.64315799969401,42.003703999762664],[-93.64327599969478,42.003753999786255],[-93.64337600015222,42.00382599983135],[-93.64343300005362,42.003878999673375],[-93.64351099987144,42.00400699989075],[-93.64354799968135,42.004095999775345],[-93.64359700008515,42.004189000069296],[-93.64367699955278,42.00428800001747],[-93.64379600027678,42.00438999970184],[-93.64398200004962,42.004498000328134],[-93.64416399962451,42.00455200023878],[-93.64435600014343,42.004563999767626],[-93.64444800020495,42.00455999992495],[-93.64452199982479,42.0045809997639],[-93.64468199965836,42.00464100002855],[-93.64475500035161,42.00465100028965],[-93.64481899992572,42.00479299968912],[-93.64482999979636,42.00495299995839],[-93.6448380001923,42.00523299996207]]}},{"type":"Feature","properties":{"kind":"road","class":"local","name":"Ironwood Ln","code":"S1400"},"geometry":{"type":"LineString","coordinates":[[-93.64475500035161,42.00465100028965],[-93.64486999997933,42.00459699979553],[-93.64515299983654,42.00426500015111],[-93.64521800013387,42.00414600015843]]}},{"type":"Feature","properties":{"kind":"road","class":"local","code":"S1400"},"geometry":{"type":"LineString","coordinates":[[-93.66870199993814,42.00481999985873],[-93.66857999973942,42.00481999985873]]}},{"type":"Feature","properties":{"kind":"road","class":"local","name":"S Riverside Dr","code":"S1400"},"geometry":{"type":"LineString","coordinates":[[-93.63001699995017,42.016884999806216],[-93.62997500011738,42.016858999852914],[-93.62990800017023,42.016797999997785],[-93.62979699984213,42.016671999696],[-93.62976199968203,42.016589999789225],[-93.62972999989498,42.01637300025841],[-93.62971499982638,42.01615200020586],[-93.62971300017655,42.01593700007911],[-93.62970899997859,42.01589600033256]]}},{"type":"Feature","properties":{"kind":"road","class":"local","name":"Brookridge Ave","code":"S1400"},"geometry":{"type":"LineString","coordinates":[[-93.62705100003723,42.032601000018914],[-93.62686400043948,42.0329139997636]]}},{"type":"Feature","properties":{"kind":"road","class":"local","name":"Greenbriar Cir","code":"S1400"},"geometry":{"type":"LineString","coordinates":[[-93.6393759998214,42.01257499982485],[-93.64115400022897,42.01255899979736]]}},{"type":"Feature","properties":{"kind":"road","class":"local","name":"Wisconsin Cir","code":"S1400"},"geometry":{"type":"LineString","coordinates":[[-93.66206799995541,42.03491600001448],[-93.66210599959025,42.0349369998392],[-93.66218199975823,42.03500399986905],[-93.66218799960602,42.035047999750645],[-93.66215499999406,42.03511300003557],[-93.66213599972747,42.03512700009852],[-93.6620889998718,42.03513899986402],[-93.66204000036632,42.03514000001121],[-93.66198599993965,42.03512800024585],[-93.66196699967307,42.03511199988801],[-93.66194499993176,42.035083999752416],[-93.66193800025907,42.03499600000861],[-93.66194999995464,42.03497500020339],[-93.661975000069,42.034953999723996],[-93.66203100014549,42.034927999819864],[-93.66206799995541,42.03491600001448]]}},{"type":"Feature","properties":{"kind":"road","class":"local","name":"Blackberry Ct","code":"S1400"},"geometry":{"type":"LineString","coordinates":[[-93.62900500017189,42.005037000088905],[-93.62893300020187,42.00484000032313],[-93.62888700017112,42.004791999732056],[-93.62873599966005,42.00469199994194]]}},{"type":"Feature","properties":{"kind":"road","class":"local","name":"Country Club Blvd","code":"S1400"},"geometry":{"type":"LineString","coordinates":[[-93.63943500027094,42.01914199977502],[-93.6396720000974,42.018943000173635],[-93.63992700036553,42.01876499977786],[-93.64009300004687,42.018679000277956],[-93.64024799985758,42.01861800016642],[-93.6404949997298,42.01855900014506],[-93.64070800016512,42.01851899982801],[-93.64096400025815,42.01844800013753],[-93.64114699965796,42.01837699970044],[-93.6413619997431,42.01825800007788],[-93.64145499962952,42.01818400018906],[-93.64155900028491,42.01802899990832],[-93.64162600023207,42.01786000005875],[-93.64171400009562,42.0176149997005],[-93.64177799966971,42.01746699967506],[-93.64189099964761,42.01728399968145],[-93.64197600003644,42.01721700032895],[-93.64211800032665,42.01714899980819],[-93.64221899971068,42.01708800023122],[-93.64231199959711,42.01701099968602],[-93.64236299965071,42.01688300027224],[-93.64236600002377,42.01672599995126],[-93.64238399956712,42.01646399974276],[-93.64241500042758,42.01629999995455],[-93.6425159998116,42.01613100018206],[-93.64259799982736,42.01601000013227],[-93.64278500032341,42.01591699976653],[-93.6431009997926,42.015780000092384],[-93.643269999847,42.015724000130895],[-93.64337799980203,42.015666999666536],[-93.64357299979571,42.015622999718076],[-93.64383800010957,42.015606999789966],[-93.64416399962451,42.01559300009985],[-93.64429300039424,42.01560399976127]]}},{"type":"Feature","properties":{"kind":"road","class":"local","name":"Little St","code":"S1400"},"geometry":{"type":"LineString","coordinates":[[-93.65007299988413,42.01766399971419],[-93.65089600041483,42.0176590002729],[-93.65171200037452,42.01765499991877]]}},{"type":"Feature","properties":{"kind":"road","class":"local","name":"Sunset Dr","code":"S1400"},"geometry":{"type":"LineString","coordinates":[[-93.63946200003512,42.021415000195276],[-93.64000400035843,42.02142000000858],[-93.6407340001044,42.02142600018443],[-93.64078799963275,42.02141599989104],[-93.64089499976288,42.02139599996688],[-93.6410660003654,42.021351000281314],[-93.64119799971157,42.02130599989653],[-93.64131499988744,42.021265999972705],[-93.6414949998125,42.021152000251924],[-93.64178199986767,42.0209350002713],[-93.64184499961686,42.0208869998127],[-93.64192800035586,42.02083499983109],[-93.64203499958766,42.0207980000621],[-93.64247499980371,42.02069699969936],[-93.64270499995747,42.02061600001937],[-93.64294199978394,42.02055600014048],[-93.64352699976494,42.020286999698286],[-93.64367800027603,42.020222999983694],[-93.64435199994547,42.02017199984173]]}},{"type":"Feature","properties":{"kind":"road","class":"local","name":"Hawthorne Ct","code":"S1400"},"geometry":{"type":"LineString","coordinates":[[-93.64288400005762,42.03460400027609],[-93.64287999985967,42.034403000044065]]}},{"type":"Feature","properties":{"kind":"road","class":"local","name":"Sunflower Dr","code":"S1400"},"geometry":{"type":"LineString","coordinates":[[-93.66759600044854,42.0201620000185],[-93.66760499977106,42.0201220000424],[-93.66760999979394,42.02006399979872],[-93.66761599964171,42.0199929998312],[-93.66761599964171,42.01993500013724],[-93.66761399999189,42.01985200004599],[-93.6676009995731,42.01885000009276],[-93.66758899987754,42.01787699983885]]}},{"type":"Feature","properties":{"kind":"road","class":"local","name":"Pear Ct","code":"S1400"},"geometry":{"type":"LineString","coordinates":[[-93.62528299967542,42.0046220001289],[-93.62567299966275,42.00466900022168]]}},{"type":"Feature","properties":{"kind":"road","class":"local","name":"Haber Rd","code":"S1400"},"geometry":{"type":"LineString","coordinates":[[-93.63881000010697,42.02997200020927],[-93.63865600012117,42.03030099979331],[-93.6385659997095,42.030447000199025],[-93.63852800007464,42.03056399992561],[-93.63849100026474,42.03078000018955],[-93.638509999633,42.03092099976198],[-93.63851100035622,42.03100800026499],[-93.63842400031758,42.03127199968182],[-93.63837900011174,42.03141600011473],[-93.63835499982231,42.03149999999422],[-93.63830999961645,42.03165999980704],[-93.63823699982152,42.03210500002542],[-93.63807500033813,42.03291300024863],[-93.63798099972847,42.033426000235465],[-93.63785400040518,42.03408299981363],[-93.63781699969695,42.03447500009069],[-93.6378130003973,42.03450799994581],[-93.63780400017646,42.03460899971943]]}},{"type":"Feature","properties":{"kind":"road","class":"local","name":"Strawberry Ln","code":"S1400"},"geometry":{"type":"LineString","coordinates":[[-93.6292389996253,42.00444800022168],[-93.62918500009694,42.00445000014657],[-93.6290620000733,42.00446700017329],[-93.62896499998892,42.004499000289826],[-93.62887100027758,42.00455400016041],[-93.62880299960722,42.00462799988698],[-93.62873599966005,42.00469199994194],[-93.62868700015457,42.00473999994093],[-93.62854499986436,42.00484100027945],[-93.62841199979496,42.004922000025296],[-93.62819099986203,42.004943999699464],[-93.6279980004165,42.00495299995839],[-93.6278290003621,42.00496100026167],[-93.62739199962077,42.00496699998784],[-93.62729799990944,42.00496699998784],[-93.62720800039607,42.00493200024223],[-93.62704699983927,42.00484899992929],[-93.62689799987635,42.004695999776374],[-93.62683500012716,42.004613999782926],[-93.62669899968473,42.00454199996208],[-93.62654899989691,42.004500000251454],[-93.62638300021555,42.004489999966616],[-93.62598800020534,42.00451399971305],[-93.62577599959492,42.00454699976688],[-93.6257170000437,42.00458700019344],[-93.62567699986072,42.004639000109606],[-93.62567299966275,42.00466900022168],[-93.6256540002945,42.00481500007543],[-93.62563800040097,42.00522299979245],[-93.62565799959413,42.005975000019845],[-93.6256690003631,42.00610900031138],[-93.6256819998836,42.006165000060726],[-93.62574600035599,42.00627899994639],[-93.62581699960279,42.00637700004786],[-93.62589799979366,42.00646400009318],[-93.62593999962645,42.00649599987276],[-93.62603800043405,42.00656800015234],[-93.6262319997045,42.006678000273816],[-93.62644599996474,42.00678399983471]]}},{"type":"Feature","properties":{"kind":"road","class":"local","name":"Curtiss Ave","code":"S1400"},"geometry":{"type":"LineString","coordinates":[[-93.624612000379,42.03125299973005],[-93.62462599972439,42.03203700007974],[-93.62463800031826,42.033273000099086],[-93.62466300043262,42.03456199973243],[-93.62470600009033,42.038307000154546]]}},{"type":"Feature","properties":{"kind":"road","class":"local","name":"Strawberry Ct","code":"S1400"},"geometry":{"type":"LineString","coordinates":[[-93.62517200024564,42.006679000201245],[-93.6253389997519,42.00667499982401],[-93.62559599966987,42.006653000080895],[-93.62568100005868,42.006632000258286],[-93.62577599959492,42.00659600016492],[-93.62593999962645,42.00649599987276],[-93.62634899988036,42.006270999808834]]}},{"type":"Feature","properties":{"kind":"road","class":"local","name":"Kildee St","code":"S1400"},"geometry":{"type":"LineString","coordinates":[[-93.64114500000812,42.01743800001752],[-93.6415440002163,42.017363000082455],[-93.64189099964761,42.01728399968145]]}},{"type":"Feature","properties":{"kind":"road","class":"local","name":"S Franklin Ave","code":"S1400"},"geometry":{"type":"LineString","coordinates":[[-93.66478699999612,42.02281699997946],[-93.66478000032345,42.02247899992166],[-93.66477600012549,42.02229799970091],[-93.66476699990466,42.021875999747586],[-93.66475900040705,42.02025899970594],[-93.66475299966095,42.0201380001693],[-93.66473099991964,42.01889000020161],[-93.66472199969881,42.017978999758725],[-93.66473199974456,42.01792600031807],[-93.6647629997067,42.01789700020243],[-93.66483399985181,42.01789599978399]]}},{"type":"Feature","properties":{"kind":"road","class":"local","name":"Date Ct","code":"S1400"},"geometry":{"type":"LineString","coordinates":[[-93.62524500004058,42.00597999971198],[-93.62565799959413,42.005975000019845],[-93.62620999996318,42.00597599995827]]}},{"type":"Feature","properties":{"kind":"road","class":"local","name":"Hawthorne Ct","code":"S1400"},"geometry":{"type":"LineString","coordinates":[[-93.64291199964673,42.03570399977106],[-93.64291199964673,42.03564699987009],[-93.64290499997402,42.03557300020331],[-93.64289400010337,42.03545000016979]]}},{"type":"Feature","properties":{"kind":"road","class":"local","name":"Oliver Ave","code":"S1400"},"geometry":{"type":"LineString","coordinates":[[-93.66594100006462,42.0264550001729],[-93.66593900041481,42.02697700004286],[-93.66589500003387,42.02710199967094],[-93.66586400007174,42.0272980002852],[-93.66586599972156,42.02747699974967],[-93.66587999996524,42.027583000015085],[-93.6659240003462,42.02779199989467],[-93.66597500039983,42.02791600032859],[-93.66606099971523,42.02805900009818],[-93.66609599987534,42.02826200021723],[-93.66614500027912,42.028385000148184]]}},{"type":"Feature","properties":{"kind":"road","class":"local","name":"Bellflower Dr","code":"S1400"},"geometry":{"type":"LineString","coordinates":[[-93.67187000041577,42.01688999997571],[-93.67187500043862,42.01706500032079],[-93.67187100024066,42.01754800002925],[-93.67187100024066,42.01762100023537],[-93.67187200006558,42.017678000283176],[-93.67187200006558,42.01773999971519],[-93.67185500034715,42.01788799977263],[-93.67184399957817,42.01791800031049]]}},{"type":"Feature","properties":{"kind":"road","class":"local","name":"Mesa Verde Cir","code":"S1400"},"geometry":{"type":"LineString","coordinates":[[-93.67124699990158,42.030970000197996],[-93.67126199997021,42.03087699969235],[-93.67124500025176,42.03085800028983],[-93.67117800030461,42.030833000259534],[-93.67108600024311,42.03084599971603],[-93.67106100012876,42.03087099974116],[-93.67103699983932,42.03090899986733],[-93.67104500023522,42.03095299991482],[-93.67112100040322,42.031014999748045],[-93.67114700034247,42.031020999685644],[-93.67124699990158,42.030970000197996]]}},{"type":"Feature","properties":{"kind":"road","class":"local","name":"Indian Grass Ct","code":"S1400"},"geometry":{"type":"LineString","coordinates":[[-93.63973499984661,42.009640999909074],[-93.63988499963442,42.00980100000042],[-93.6400239995516,42.00991599992177],[-93.64016800038995,42.00999699988092],[-93.64035099978975,42.01002299996954],[-93.64048600040728,42.0100160001778],[-93.64072999990644,42.00996599973569],[-93.64087600039461,42.00992600002123]]}},{"type":"Feature","properties":{"kind":"road","class":"local","name":"Hunt St","code":"S1400"},"geometry":{"type":"LineString","coordinates":[[-93.6500849995797,42.02030499987753],[-93.65092599965375,42.02030299978367],[-93.6509719996845,42.02030299978367],[-93.65175099983426,42.020300999689795]]}},{"type":"Feature","properties":{"kind":"road","class":"local","name":"5th St","code":"S1400"},"geometry":{"type":"LineString","coordinates":[[-93.61043600039234,42.02598899966703],[-93.61210000009876,42.02596199980798],[-93.61373200001815,42.02593199972869],[-93.6153759996331,42.02589900009222],[-93.61690299997049,42.02586399985246],[-93.61928399990241,42.02583100018069],[-93.61951900007905,42.025826999673335],[-93.62020600016731,42.02581399985784],[-93.62031900014522,42.0257950002766],[-93.62045300003952,42.02566899978445],[-93.62079299979814,42.025790000140056],[-93.62096900042356,42.02581399985784],[-93.62186300020105,42.02579700019766],[-93.62197600017896,42.02579399998241],[-93.62325400009601,42.02577099988437]]}},{"type":"Feature","properties":{"kind":"road","class":"local","name":"Brookridge Ave","code":"S1400"},"geometry":{"type":"LineString","coordinates":[[-93.62663799958536,42.02635799992814],[-93.62662400023997,42.026571999906686],[-93.6266269997147,42.02665699979494],[-93.62663199973758,42.02675900031158],[-93.62664099995841,42.02682699989783],[-93.62669399966185,42.027192000211876],[-93.6267740000278,42.02798899997585],[-93.62682699973124,42.028183000011296],[-93.62696200034878,42.028462999850895],[-93.62705900043316,42.028675999834824],[-93.62733999974223,42.02919699991094],[-93.62741799956004,42.02937100017881],[-93.62764199986604,42.029862999900615],[-93.62770200014047,42.03004899973931],[-93.6277170002091,42.03017299977422],[-93.62769899976742,42.030261999747054],[-93.6276610001326,42.03031800025088],[-93.62761000007899,42.030372000261025],[-93.62755499982738,42.030414000237194],[-93.62742500013105,42.03045999973441],[-93.62737999992521,42.03046899971921],[-93.62739699964364,42.03056800013488],[-93.6274369998266,42.03069799979272],[-93.62748799988024,42.03082400032633],[-93.62756999989601,42.030892000235156],[-93.62778199960812,42.031118000155246],[-93.62783199983683,42.03133699982495]]}},{"type":"Feature","properties":{"kind":"road","class":"local","name":"Woodland St","code":"S1400"},"geometry":{"type":"LineString","coordinates":[[-93.65757200023036,42.02531399975057],[-93.6577010001018,42.02544900030722],[-93.65832000041799,42.0261439998965],[-93.65837499977127,42.026198999736415],[-93.6584340002208,42.026224000254565],[-93.65851500041165,42.02624200008772],[-93.65870500038245,42.02627599983278],[-93.65913700020259,42.026333000129945],[-93.659342000242,42.0263540001212],[-93.65946799974039,42.026359000213446],[-93.66006799979,42.02638200009878],[-93.66082000017559,42.0263859999039],[-93.66149800004303,42.02640699987765],[-93.66269599959413,42.02643699973279],[-93.66338699988036,42.02645300027255],[-93.6641440002888,42.02646799985738],[-93.66480999956235,42.026460999873656],[-93.66594100006462,42.0264550001729],[-93.66619600033276,42.0264550001729],[-93.66721899998167,42.0264670002411],[-93.66752600012835,42.02646900014101],[-93.66878099958086,42.02647900030697],[-93.66966600003585,42.02647499984039],[-93.66977499981579,42.0264579996897],[-93.66984299958786,42.026443000102496],[-93.66987199990017,42.02640100017185],[-93.6699029998623,42.02631700022731]]}},{"type":"Feature","properties":{"kind":"road","class":"local","code":"S1740"},"geometry":{"type":"LineString","coordinates":[[-93.65909500036979,42.0196230002776],[-93.6593139997546,42.01962100016233]]}},{"type":"Feature","properties":{"kind":"road","class":"local","name":"Garfield Ave","code":"S1400"},"geometry":{"type":"LineString","coordinates":[[-93.6700359999317,42.0301950000565],[-93.67000499996955,42.030208000310694],[-93.66996700033474,42.03024399971762],[-93.66993899984732,42.030279999771395],[-93.66989199999165,42.030380000036196],[-93.66986699987729,42.03051000007853],[-93.66980900015098,42.03073199982363],[-93.6696989996478,42.03123200002264],[-93.66965099996722,42.031524999762134],[-93.66964799959418,42.031848000123404],[-93.66965500016518,42.03223499987604],[-93.66964699976926,42.03329900001306],[-93.66964099992148,42.03353899979444],[-93.6696359998986,42.03376299997378],[-93.66963500007371,42.03441600010485],[-93.66963500007371,42.03450299982735],[-93.66962400020304,42.03473200004613],[-93.66961300033239,42.03528599997724]]}},{"type":"Feature","properties":{"kind":"road","class":"local","name":"Pine St","code":"S1400"},"geometry":{"type":"LineString","coordinates":[[-93.66059800041775,42.033504999930535],[-93.65928699999041,42.033510000127556]]}},{"type":"Feature","properties":{"kind":"road","class":"local","name":"Fillmore Ave","code":"S1400"},"geometry":{"type":"LineString","coordinates":[[-93.63078199985623,42.04277400029916],[-93.6307869998791,42.04285699981836],[-93.6308019999477,42.04294399999371],[-93.63083899975764,42.043018999773174],[-93.63089700038226,42.04310200030655],[-93.631160000148,42.04344900026916],[-93.63157799972444,42.04405399996445],[-93.63183800001543,42.04438500004019],[-93.6320549997504,42.04472899967812],[-93.63227200038371,42.04504499970561],[-93.63235299967624,42.045204000119355],[-93.63237699996569,42.045300000302404],[-93.632398999707,42.045471999878366],[-93.63241399977561,42.04557900013596]]}},{"type":"Feature","properties":{"kind":"road","class":"local","name":"Long Rd","code":"S1400"},"geometry":{"type":"LineString","coordinates":[[-93.64349800035095,42.03909000013971],[-93.6435429996585,42.039441999726414],[-93.64362800004729,42.03985699998699],[-93.64369499999444,42.04018599977545],[-93.64370699969001,42.040327999896036],[-93.64371400026101,42.04041600026252],[-93.64371500008593,42.04050199971449],[-93.64365499981147,42.04063900016033],[-93.64340100026658,42.04097799978933],[-93.64333500014435,42.041108000170965],[-93.64325499977839,42.04120399987152],[-93.64301399975398,42.04154700000732],[-93.64298199996692,42.04159600025681],[-93.64287099963883,42.04181900001626],[-93.6428609995931,42.04208499996832],[-93.6428670003392,42.04213000032155],[-93.64287900003475,42.042219000229586],[-93.64288800025558,42.04250899992713],[-93.64290699962385,42.042596999941615],[-93.64294199978394,42.04276500005547],[-93.64299299983757,42.042920000072236]]}},{"type":"Feature","properties":{"kind":"road","class":"local","name":"Northwestern Ave","code":"S1400"},"geometry":{"type":"LineString","coordinates":[[-93.6202050003424,42.025026000274295],[-93.62048499982657,42.02504899997459],[-93.62071099978237,42.025113000170194],[-93.62165499978859,42.025583999909834],[-93.62186300020105,42.02579700019766],[-93.62222800007403,42.0261700000573],[-93.62267199958971,42.02680100000572],[-93.62287800035236,42.02722600011618],[-93.62323099963146,42.02782199976355],[-93.62376399973394,42.02876900022423],[-93.62411600008645,42.029390000025835],[-93.62415999956906,42.029481999801796],[-93.62449500020314,42.03018100024171],[-93.62457200019603,42.03040100002514],[-93.62461999987661,42.030606999993395],[-93.62463099974727,42.03065899998999],[-93.62473500040264,42.030929999681504],[-93.62492899967309,42.03124699981435],[-93.62536700023932,42.03201700016037],[-93.62562300033235,42.03244200009544],[-93.62563199965489,42.03261300026134],[-93.62565099992146,42.03327800031436],[-93.62570699999794,42.034564000044895],[-93.62574100033314,42.03568200006118],[-93.62577700031815,42.0366120000791],[-93.62576100042462,42.03711499974032],[-93.62577499977,42.03781900016254],[-93.62577999979288,42.03830199966774],[-93.62577499977,42.03923899995256],[-93.62580400008233,42.03987299981736],[-93.6258030002574,42.040956999959334],[-93.6258519997629,42.04205600019817],[-93.62585099993798,42.0423819998429],[-93.62584099989225,42.04268399980584],[-93.62586799965642,42.04358999975477],[-93.62588000025029,42.044205000154406],[-93.62589299977078,42.04461300000837],[-93.62589199994588,42.04485099976944],[-93.62589000029605,42.045253000217016],[-93.62590500036467,42.045548999975956],[-93.62590899966432,42.04562000008719],[-93.62590500036467,42.04565400014053],[-93.62590100016669,42.045690000137945],[-93.62589899961856,42.04650400023043],[-93.6258939995957,42.04693399982108],[-93.62592999958072,42.04733799967323],[-93.62594999967219,42.04752199983097],[-93.62596300009098,42.04758400017735],[-93.62599300022822,42.04767299978342],[-93.62614999968874,42.04794800008688],[-93.62639300026129,42.048259999683395],[-93.62652799998051,42.0483779999097],[-93.62675499976122,42.04857700009443],[-93.62703099994576,42.048871999777674],[-93.62712899985505,42.04901499975979],[-93.62715200031957,42.049138000219216],[-93.62716999986293,42.05059500032413],[-93.62718499993153,42.05111899983949]]}},{"type":"Feature","properties":{"kind":"road","class":"local","name":"12th St","code":"S1400"},"geometry":{"type":"LineString","coordinates":[[-93.61282700037,42.03308099994332],[-93.61286400017993,42.033173999893116],[-93.61290799966254,42.033195000293404],[-93.61296000043939,42.033206000246174],[-93.6131789998242,42.03322599979141],[-93.61343499991723,42.03322500028134],[-93.61392700001183,42.03325500025507],[-93.61473399975068,42.033220000061945],[-93.61550899970248,42.03324700017453],[-93.61635800017245,42.03325599976467],[-93.61708799991841,42.03326399984412],[-93.6178460001518,42.03325299990145],[-93.61846399974476,42.0332449998206],[-93.61920199988663,42.03325299990145],[-93.62035599995512,42.03326500002076],[-93.62145599959696,42.03325900029498],[-93.62251299958106,42.03328999976178],[-93.62358800000685,42.03326600019745],[-93.62463800031826,42.033273000099086],[-93.62565099992146,42.03327800031436]]}},{"type":"Feature","properties":{"kind":"road","class":"local","name":"Pearson Ave","code":"S1400"},"geometry":{"type":"LineString","coordinates":[[-93.64208800018942,42.018247999953616],[-93.64194699972411,42.018123000270066],[-93.64176099995126,42.017969000258]]}},{"type":"Feature","properties":{"kind":"road","class":"local","name":"N 2nd St","code":"S1400"},"geometry":{"type":"LineString","coordinates":[[-93.6209869999669,42.024067000259855],[-93.622120000119,42.02407999976528],[-93.6236559997789,42.024056999714496],[-93.6240490001393,42.02405400008443],[-93.62522800032214,42.024044999858745],[-93.62679999996706,42.02402100014052],[-93.628371999612,42.02404000025191],[-93.62984700007085,42.023978000289034]]}},{"type":"Feature","properties":{"kind":"road","class":"local","name":"Hawthorne Ct","code":"S1400"},"geometry":{"type":"LineString","coordinates":[[-93.64289400010337,42.03545000016979],[-93.64327099967191,42.03545199978715],[-93.64333799961906,42.0354429998407],[-93.64339899971843,42.03542799970476],[-93.64342200018298,42.03539599980327],[-93.64340999958908,42.03514600022665],[-93.64340100026658,42.034717999896166],[-93.64338600019796,42.03463300011104],[-93.643346000015,42.03460199996488],[-93.64323899988487,42.034590000097936],[-93.64288400005762,42.03460400027609]]}},{"type":"Feature","properties":{"kind":"road","class":"local","name":"Sheldon Ave","code":"S1400"},"geometry":{"type":"LineString","coordinates":[[-93.65422100035295,42.022751999799894],[-93.6542380000714,42.02357600005337],[-93.65425999981272,42.02449999980994],[-93.65428099972911,42.025351000228255],[-93.654329000308,42.0267719999339],[-93.6543500002244,42.027359999679575],[-93.65436100009505,42.02740600005222],[-93.65526300026846,42.027844999786836],[-93.65570500013433,42.02806900001403]]}},{"type":"Feature","properties":{"kind":"road","class":"local","code":"S1400"},"geometry":{"type":"LineString","coordinates":[[-93.63554899974294,42.00634199974287],[-93.6350049997698,42.0063389999447],[-93.63464699956953,42.00634099981015],[-93.63435100019183,42.00641500012833],[-93.6341660002439,42.00654100005704]]}},{"type":"Feature","properties":{"kind":"road","class":"local","name":"Chamberlain St","code":"S1400"},"geometry":{"type":"LineString","coordinates":[[-93.64639999979146,42.021590000100446],[-93.6467689998624,42.021590000100446],[-93.64711600019204,42.021583999940034],[-93.64753100029374,42.021535999971334],[-93.64777800016594,42.021490999717486],[-93.64789500034182,42.02146899975978],[-93.64805099997741,42.02144800015702],[-93.6485000004143,42.02144199998326],[-93.64968600026984,42.021457999778065],[-93.65009600034868,42.02146399995032],[-93.6501399998313,42.02146399995032],[-93.65092599965375,42.021472999873986],[-93.65096699966162,42.021472999873986],[-93.65173300029092,42.02148199979638]]}},{"type":"Feature","properties":{"kind":"road","class":"local","name":"Mortensen Rd","code":"S1400"},"geometry":{"type":"LineString","coordinates":[[-93.64740300024722,42.0117419998866],[-93.64767400040887,42.01182199967632],[-93.64797599963435,42.011884999990585],[-93.64823500010044,42.0119169997131],[-93.64848000032282,42.01192800001033],[-93.6485849999048,42.01192300011819],[-93.64889399970129,42.011867999943725]]}},{"type":"Feature","properties":{"kind":"road","class":"local","name":"Pinehurst Dr","code":"S1400"},"geometry":{"type":"LineString","coordinates":[[-93.64943900039763,42.042481999746606],[-93.64940400023754,42.043250000032145],[-93.64940500006246,42.04339500002841],[-93.64933599956717,42.04348400016594],[-93.64908399967209,42.043626000254584],[-93.6484929998433,42.04392600029107],[-93.6476409998986,42.04438300003684],[-93.6471420001313,42.04464499993845],[-93.64698599959738,42.04471099974329],[-93.64682300028909,42.044792000077166],[-93.64671899963369,42.04481899994317],[-93.64661800024966,42.04485299975805],[-93.64653399968576,42.0448659996825],[-93.64655600032539,42.04534900032596],[-93.64655999962504,42.04543299980203]]}},{"type":"Feature","properties":{"kind":"road","class":"local","name":"Welch Ave","code":"S1400"},"geometry":{"type":"LineString","coordinates":[[-93.64932300004669,42.024092000281705],[-93.64931999967364,42.024044999858745],[-93.64936300022966,42.023943999982386],[-93.64945500029117,42.02381300020106],[-93.64947100018469,42.023778000147544],[-93.64969899979033,42.023597999949416],[-93.64986700001981,42.0234190002406],[-93.6498860002864,42.02339100029277],[-93.64998199964755,42.02325299970241],[-93.65003299970117,42.023081999715885],[-93.65010800004424,42.022998999728365],[-93.65013800018147,42.022937000085065],[-93.65014900005211,42.02280400021581],[-93.65014900005211,42.0226819998402],[-93.65014800022722,42.02262199990873],[-93.6501399998313,42.02146399995032],[-93.65012800013572,42.021101999888444],[-93.65011499971693,42.02073200011417],[-93.6500849995797,42.02030499987753],[-93.65008899977767,42.01914199977502],[-93.65007299988413,42.01766399971419],[-93.65005799981553,42.01616799999685]]}},{"type":"Feature","properties":{"kind":"road","class":"local","name":"Hayward Ave","code":"S1400"},"geometry":{"type":"LineString","coordinates":[[-93.65170999982638,42.0228020002006],[-93.65170800017655,42.02272899993602],[-93.65170800017655,42.02271000010026],[-93.65170700035166,42.022658000274824],[-93.65169599958269,42.022086999740644],[-93.65169300010795,42.02195299974079],[-93.6517109996513,42.02158300024695],[-93.65173300029092,42.02148199979638],[-93.6517459998114,42.02141599989104],[-93.65174800035953,42.02134000027918],[-93.65175099983426,42.020300999689795],[-93.65175000000936,42.02014500018186],[-93.65174499998649,42.0196230002776],[-93.65174099978852,42.01914199977502],[-93.65171200037452,42.01765499991877],[-93.65170999982638,42.01703599981257],[-93.6516699996434,42.01618300000585],[-93.65165700012295,42.01575800016109],[-93.65165100027515,42.01556800007343],[-93.65165700012295,42.01522899973316],[-93.65168100041238,42.01411300002851],[-93.65167100036665,42.01338799975992],[-93.65165700012295,42.01195399997709],[-93.65165700012295,42.0118880001947]]}},{"type":"Feature","properties":{"kind":"road","class":"local","code":"S1740"},"geometry":{"type":"LineString","coordinates":[[-93.64909200006801,42.03060500022366],[-93.64909299989291,42.03054299999052],[-93.64911399980933,42.02956900027248],[-93.64911499963422,42.0295400001288],[-93.64912100038032,42.029512000207646],[-93.64913200025097,42.02948499984298],[-93.64914700031959,42.029459999939974],[-93.64916599968785,42.02943900030749],[-93.64918900015239,42.02941999980783],[-93.64921400026674,42.02940599982236],[-93.64920099984795,42.028907000185434],[-93.64920000002304,42.02887299984562]]}},{"type":"Feature","properties":{"kind":"road","class":"local","name":"Kooser Dr","code":"S1400"},"geometry":{"type":"LineString","coordinates":[[-93.64592000029076,42.031926999778136],[-93.64600099958328,42.03195200004537],[-93.64636499963136,42.03201000012041],[-93.64689100006115,42.03213400033335],[-93.64691899965024,42.03214000016533],[-93.64783300041752,42.03243999971618],[-93.64792600030395,42.03246700016011]]}},{"type":"Feature","properties":{"kind":"road","class":"local","name":"Colorado Ave","code":"S1400"},"geometry":{"type":"LineString","coordinates":[[-93.66299900044116,42.02278800009234],[-93.6630110001367,42.02381300020106],[-93.66301299978655,42.02416700028838],[-93.66300899958858,42.02496599988554]]}},{"type":"Feature","properties":{"kind":"road","class":"local","name":"Northcrest Dr","code":"S1400"},"geometry":{"type":"LineString","coordinates":[[-93.63290400022038,42.04191499997691],[-93.63291599991594,42.042132999765805],[-93.63293799965724,42.04224000030968]]}},{"type":"Feature","properties":{"kind":"road","class":"local","name":"Storm St","code":"S1400"},"geometry":{"type":"LineString","coordinates":[[-93.64429500004405,42.016140999971796],[-93.64634500043819,42.01614900020287],[-93.64849100019347,42.016144999753756],[-93.64858800027784,42.01614900020287],[-93.64935499983375,42.01615899998978],[-93.65005799981553,42.01616799999685],[-93.6516699996434,42.01618300000585]]}},{"type":"Feature","properties":{"kind":"road","class":"local","name":"Big Bluestem Ct","code":"S1400"},"geometry":{"type":"LineString","coordinates":[[-93.64508599988939,42.0110089997485],[-93.64506900017096,42.010948000289595],[-93.64497700010945,42.010708999854764],[-93.6448399998421,42.01046999985687],[-93.64476899969698,42.01025499987907],[-93.64476700004717,42.01006699978724],[-93.6448819996749,42.009811999996096],[-93.64509199973719,42.00960699994628],[-93.64515200001165,42.009573999847234],[-93.64523400002741,42.009529999688525],[-93.64554100017408,42.00946800026272]]}},{"type":"Feature","properties":{"kind":"road","class":"local","name":"Ashmore Cir","code":"S1400"},"geometry":{"type":"LineString","coordinates":[[-93.64184899981483,42.011405000218296],[-93.64180699998202,42.01129000031904],[-93.64167700028568,42.01079699984566]]}},{"type":"Feature","properties":{"kind":"road","class":"local","name":"Avacado Ct","code":"S1400"},"geometry":{"type":"LineString","coordinates":[[-93.62715099959635,42.00439700011265],[-93.62683500012716,42.004613999782926]]}},{"type":"Feature","properties":{"kind":"road","class":"local","name":"20th St","code":"S1400"},"geometry":{"type":"LineString","coordinates":[[-93.61072400027243,42.04202200022076],[-93.61239499965156,42.042023000259576],[-93.61366000004814,42.04202899982515],[-93.61433200006778,42.0420309999026],[-93.61478300015449,42.04203299997999],[-93.61557399999981,42.042057000236454],[-93.61595800013939,42.042069000027716],[-93.61716999993418,42.04207799970295],[-93.61851800017142,42.04207000006584],[-93.62042899975006,42.04211799987466],[-93.62049599969723,42.042122000023895],[-93.6206200004441,42.04211699983734],[-93.62126200032652,42.04209300027063],[-93.62238700008268,42.04208700004395],[-93.62356200006757,42.042076000294074],[-93.62467900032615,42.04206599991333],[-93.6258519997629,42.04205600019817],[-93.62923500032565,42.041997999951015],[-93.62953499990131,42.04199199971542],[-93.629914000018,42.04198400006749],[-93.63148900003597,42.041954000211355],[-93.63210099978116,42.0419350001172],[-93.63232099988919,42.04192899987565],[-93.63290400022038,42.04191499997691],[-93.63310000003895,42.041910999814654],[-93.63461499978247,42.04188700017014],[-93.63494200002062,42.04188099992406]]}},{"type":"Feature","properties":{"kind":"road","class":"local","name":"Northcrest Ct","code":"S1400"},"geometry":{"type":"LineString","coordinates":[[-93.63302300004607,42.04236399991023],[-93.63320200014621,42.04225200006639],[-93.63337799987332,42.04215299983748],[-93.63347099975971,42.042098999829605],[-93.63379200015008,42.04211899991202],[-93.63410599996945,42.0421650002778],[-93.63433100010036,42.042187999781056],[-93.63468000007978,42.04219199992588]]}},{"type":"Feature","properties":{"kind":"road","class":"local","name":"Knapp St","code":"S1400"},"geometry":{"type":"LineString","coordinates":[[-93.64434000024991,42.01919700033307],[-93.6452330002025,42.019178999840186],[-93.64636399980644,42.01917099999029],[-93.64848199997265,42.01915500028742],[-93.64935300018392,42.01914800016587],[-93.65008899977767,42.01914199977502],[-93.65091899998106,42.01914199977502],[-93.65174099978852,42.01914199977502],[-93.65255300044856,42.019143000173905],[-93.65260899962675,42.019143999905396],[-93.65419000039081,42.01913199978982]]}},{"type":"Feature","properties":{"kind":"road","class":"local","name":"Meadow Glen N","code":"S1400"},"geometry":{"type":"LineString","coordinates":[[-93.65454900041603,42.00590399967623],[-93.65454500021806,42.00553199970206],[-93.65458899970068,42.00525999994495],[-93.65460799996725,42.004820999815365],[-93.65454000019518,42.00462500000798],[-93.65446800022518,42.004541000001105],[-93.6543300001329,42.00445000014657],[-93.65407900006274,42.00434200010635],[-93.65394799964318,42.00425399986382],[-93.65384999973388,42.00414200028942]]}},{"type":"Feature","properties":{"kind":"road","class":"local","code":"S1400"},"geometry":{"type":"LineString","coordinates":[[-93.64740300024722,42.0117419998866],[-93.64745000010289,42.01164599973911]]}},{"type":"Feature","properties":{"kind":"road","class":"local","name":"University Blvd","code":"S1400"},"geometry":{"type":"LineString","coordinates":[[-93.63337799987332,42.025657000233004],[-93.6333850004443,42.02543700004688],[-93.63338700009413,42.025063999890676],[-93.633392000117,42.02427300006681],[-93.63340700018561,42.022923999678596],[-93.63340899983544,42.02282199968253],[-93.63340899983544,42.02270099968434],[-93.63340999966034,42.02264899985154],[-93.63337500039856,42.02232899984161],[-93.63329300038279,42.02177400007235],[-93.63313500019906,42.02119000018156],[-93.63291799956576,42.02063899998021],[-93.63281800000665,42.02031899986507],[-93.63266200037104,42.01994000006693],[-93.63259100022593,42.01974600023821],[-93.63247900007293,42.019299999866874],[-93.63241399977561,42.018991000097586],[-93.63239500040734,42.01783099991306],[-93.63238600018653,42.017246999848524],[-93.63234199980558,42.016380000018],[-93.63234099998067,42.01634799987123],[-93.63233799960761,42.016225000012184],[-93.63232799956188,42.0155759997092],[-93.63234600000355,42.01495099993853],[-93.63233000011002,42.014031000159484],[-93.63232000006427,42.01370000017502],[-93.63232799956188,42.013439000003046],[-93.63238399963838,42.013227000189985],[-93.63245800015653,42.01300199990508],[-93.6325600002638,42.01277399999695],[-93.63267999991437,42.01257700016172],[-93.63294400040334,42.01223499971018],[-93.6333079995531,42.01188999988572],[-93.6335829999127,42.011718000197014],[-93.6338209995641,42.01158699992419],[-93.63384099965558,42.01157899978669],[-93.63407300035747,42.01149500028468],[-93.63526800043385,42.01108799993453],[-93.63666299962846,42.010658000092555],[-93.6369110002239,42.01059200030034],[-93.63722599986816,42.010482000271956],[-93.63754300006057,42.01033299979666],[-93.63778800028295,42.01020700003623],[-93.63802199973637,42.01007400024086],[-93.63830799996663,42.00986400031391],[-93.63856900008254,42.00963200031331],[-93.63904299973548,42.009092000211446],[-93.63918699967552,42.008903000127404],[-93.63931899991998,42.0086589998701],[-93.63939099989001,42.00846399977133],[-93.63941900037742,42.008313000105666],[-93.63942900042316,42.00825100016124],[-93.63945899966207,42.00808099978838],[-93.63947200008086,42.00800700007313],[-93.63950200021809,42.00709599993538],[-93.63950100039318,42.00699699968407],[-93.63949299999726,42.0061920003156],[-93.63949499964707,42.005881999666485],[-93.63950100039318,42.00495000009472],[-93.63952599960922,42.00434000017806],[-93.63952899998228,42.00358600003181],[-93.63952499978431,42.002975999720974],[-93.6395299998072,42.00276299976034],[-93.63953599965497,42.002493000167604],[-93.63955999994441,42.00207300030398],[-93.63957099981506,42.00190800012356],[-93.6395380002031,42.001146999762035],[-93.63952099958635,42.00011900007122],[-93.63949999966995,41.9993830000658],[-93.63948299995153,41.998706000025734],[-93.63945799983716,41.99774099992296],[-93.63946299986002,41.997650999758854],[-93.63945799983716,41.99759399978941],[-93.63944299976855,41.997539999982024],[-93.63940699978353,41.99748099976923],[-93.63937499999648,41.99742799993879]]}},{"type":"Feature","properties":{"kind":"road","class":"local","name":"Windsor Ct","code":"S1400"},"geometry":{"type":"LineString","coordinates":[[-93.67092700023446,42.03560500001568],[-93.67092100038667,42.0355210002236],[-93.67097499991503,42.03544799988525]]}},{"type":"Feature","properties":{"kind":"road","class":"local","name":"Mortensen Rd","code":"S1400"},"geometry":{"type":"LineString","coordinates":[[-93.64889399970129,42.011867999943725],[-93.64933399991735,42.011871999994405],[-93.64937099972727,42.011871999994405],[-93.6512310001506,42.011884999990585],[-93.65165700012295,42.0118880001947],[-93.65262299987046,42.01188400014498],[-93.65382700016765,42.01188000009506],[-93.65452599995149,42.01188199978632],[-93.65788799969954,42.0118930000896],[-93.65893600036114,42.0119020000329],[-93.65909500036979,42.01190299987821],[-93.65999699964489,42.01192499980809],[-93.66009999957706,42.01192499980809],[-93.66101599999418,42.011923999963116],[-93.66269200029448,42.01194099999506],[-93.6643829997651,42.0119580000224],[-93.66600899983669,42.011972999689405],[-93.6663050001127,42.011976999733484],[-93.66851699999023,42.012009000077185],[-93.66943599988207,42.01202100020197],[-93.6708610001122,42.01204200024792],[-93.67135599968152,42.012043999934086],[-93.6714379996973,42.012044999777174],[-93.6733099998162,42.01205600005226],[-93.67351900005357,42.0120569998951],[-93.67361899961269,42.0120569998951],[-93.67490400010074,42.012063000286986],[-93.67627300025438,42.01207099969616],[-93.67649199963918,42.01207300004887],[-93.67656199995938,42.01207399989145],[-93.67859899993472,42.01208900019856],[-93.67873200000412,42.01207600024412],[-93.68064799960563,42.01216199999625],[-93.68178499995568,42.01231399970851],[-93.68339000011088,42.01260900020356],[-93.684110999636,42.01280599993969],[-93.68461299977635,42.01296900023242],[-93.68592199965553,42.013394000026224],[-93.68694299965463,42.013672999769604],[-93.68704399993698,42.01370400011054],[-93.68767400012382,42.01375500010023],[-93.68819700018057,42.01377000001091],[-93.68860300006142,42.01375699973254],[-93.68901599961498,42.01376299996405],[-93.69013700007152,42.01376399978006],[-93.69030100010305,42.01376600007954],[-93.69044199967004,42.01377399994197],[-93.69058200031043,42.01378700021685],[-93.69071899967948,42.01380600004904],[-93.69085900031988,42.01382799998815],[-93.69098700036639,42.01385399984569],[-93.69111899971254,42.0138859999125],[-93.69124900030721,42.01392199988502],[-93.6927830003173,42.014378999803895],[-93.69392599961682,42.01472499994465],[-93.69553400014509,42.01521299970588],[-93.69566600038955,42.01525499968542],[-93.69579500026097,42.015302999723374],[-93.69591999993445,42.01535500022419],[-93.69604200013319,42.015410999843205],[-93.69616099995888,42.01547199969385]]}},{"type":"Feature","properties":{"kind":"road","class":"local","name":"Big Bluestem Ct","code":"S1400"},"geometry":{"type":"LineString","coordinates":[[-93.64508599988939,42.0110089997485],[-93.64512900044542,42.011029000269566],[-93.64516100023248,42.01105300021907],[-93.6452189999588,42.01115700011819],[-93.64522599963149,42.01121499980835],[-93.64520999973796,42.011251999813275],[-93.64517600030109,42.01128100028911],[-93.64513299974506,42.01130100005719],[-93.64510000013311,42.01131000008429],[-93.64505800030031,42.01131400017006],[-93.64503300018596,42.01130900022965],[-93.64498899980502,42.01129600011575],[-93.6449379997514,42.01126999988004],[-93.64490299959131,42.01123799983197],[-93.64489300044386,42.01121099971636],[-93.64489300044386,42.011158999832226],[-93.6449090003374,42.011128000253294],[-93.64494299977427,42.01108799993453],[-93.64498100030741,42.0110580001796],[-93.64503099963783,42.011031999846594],[-93.64508599988939,42.0110089997485]]}},{"type":"Feature","properties":{"kind":"road","class":"local","name":"Northcrest Dr","code":"S1400"},"geometry":{"type":"LineString","coordinates":[[-93.63293799965724,42.04224000030968],[-93.63297000034261,42.042303999875486],[-93.63302300004607,42.04236399991023]]}},{"type":"Feature","properties":{"kind":"road","class":"local","name":"Cochrane Pkwy","code":"S1400"},"geometry":{"type":"LineString","coordinates":[[-93.67864800033853,42.01710399978674],[-93.67851699991894,42.01713300026395],[-93.67834799986456,42.01712599991987],[-93.67827300041981,42.01712200019957],[-93.67819100040404,42.017116000285014],[-93.6780139999537,42.01708500027239],[-93.67783300020373,42.01703100032197],[-93.67774299979206,42.016995000107066],[-93.6775620000421,42.016915999916336],[-93.67747099980551,42.01687699966773],[-93.677378999744,42.016841000033054],[-93.67728599985756,42.01680900011821],[-93.67708900021408,42.016762000318394],[-93.67698299990886,42.016743999803666],[-93.67687300030401,42.016729999696416],[-93.67675799977798,42.016717999792725],[-93.67663899995227,42.01670899986348],[-93.67651599992863,42.01670399967975],[-93.67638899970704,42.01670399967975],[-93.6761970000864,42.016717999792725],[-93.67612799959112,42.016723999744876],[-93.67599600024496,42.016745000240235],[-93.67586499982538,42.016768000266396],[-93.67573500012904,42.016794000256894],[-93.67560700008252,42.016821000004725],[-93.67548099968583,42.01684499977099],[-93.67535400036255,42.016861000055044],[-93.67522600031602,42.016869000195605],[-93.6750980002695,42.01687399969894],[-93.67497000022297,42.0168780001022],[-93.67484100035155,42.01688100007081],[-93.67470999993198,42.01688300027224],[-93.67457500021277,42.016884999806216],[-93.67443799994543,42.01688600024061],[-93.67430200040128,42.01688600024061],[-93.6741700001568,42.01688600024061],[-93.6740410002854,42.01688400003922],[-93.67381899962923,42.01688100007081],[-93.67373199959059,42.01688400003922],[-93.67294800031627,42.016889000208785],[-93.67209399982343,42.01689299994375],[-93.67187000041577,42.01688999997571]]}},{"type":"Feature","properties":{"kind":"road","class":"local","name":"Wildflower Dr","code":"S1400"},"geometry":{"type":"LineString","coordinates":[[-93.67227700012153,42.02420400009892],[-93.67238400025165,42.02439300009374],[-93.67254300026032,42.02460899997182],[-93.67262600010098,42.02473600020638],[-93.67267799997953,42.02486799972938],[-93.67267999962934,42.024885999946456]]}},{"type":"Feature","properties":{"kind":"road","class":"local","code":"S1400"},"geometry":{"type":"LineString","coordinates":[[-93.63372199982989,42.011466999758525],[-93.6338209995641,42.01158699992419],[-93.63385800027233,42.01162500022983],[-93.63407599983222,42.0118519997384],[-93.63436999956008,42.01170900022768],[-93.63470400036925,42.01160599974614],[-93.63520899998431,42.01152499983351],[-93.63548599999375,42.01149600013635],[-93.63569799970585,42.01147999983748],[-93.63576399982807,42.011475999762105],[-93.6362299999834,42.011504000284276],[-93.63634600033436,42.01152300013102],[-93.63672000042818,42.01158600007396],[-93.6368769998887,42.01162100016362],[-93.63699900008744,42.01164800010519],[-93.63728500031772,42.01175599975692],[-93.63756399997698,42.01188300029941],[-93.63771200011497,42.01195499982158],[-93.6379189998042,42.01206800016812],[-93.63817800027029,42.01222800016185],[-93.6385940001969,42.01261800004555],[-93.63866000031913,42.01269000007069],[-93.6387289999161,42.01271400006093],[-93.6387909998404,42.01271400006093],[-93.63892100043505,42.01268900023774],[-93.63911999972836,42.01260600003344],[-93.63923600007932,42.01257499982485],[-93.63929499963054,42.01257499982485],[-93.6393759998214,42.01257499982485]]}},{"type":"Feature","properties":{"kind":"road","class":"local","name":"Canterbury Ct","code":"S1400"},"geometry":{"type":"LineString","coordinates":[[-93.66184299982451,42.036344999772815],[-93.66182600010609,42.036313999794544],[-93.66179299959579,42.03627000012221],[-93.66176800037975,42.036251999792555],[-93.66172399999883,42.03624199982964],[-93.66167700014317,42.0362469998113],[-93.66162299971647,42.03626400001289],[-93.6615959999523,42.0362950000156],[-93.6615959999523,42.03632300028482],[-93.6616090003711,42.03635300013065],[-93.66163500031037,42.03637500027548],[-93.66166999957215,42.0363850002175],[-93.66170800010529,42.036389000060424],[-93.66173999989236,42.036387999932884],[-93.6617850000982,42.036376999863684],[-93.66184299982451,42.036344999772815]]}},{"type":"Feature","properties":{"kind":"road","class":"local","code":"S1400"},"geometry":{"type":"LineString","coordinates":[[-93.64014400010052,42.032404999741416],[-93.64014699957524,42.03225899982966],[-93.64013300022985,42.03217199970447],[-93.64006700010763,42.032124999917045],[-93.63992399999249,42.032103000302754],[-93.63902400036721,42.03210399983047],[-93.63889499959745,42.032199999788396],[-93.63880400025919,42.03237300031957],[-93.63879000001548,42.0324640002596],[-93.63883900041928,42.03249999972331],[-93.63907299987268,42.032506000187986],[-93.6397569995879,42.03247800023881],[-93.63984299980163,42.0324640002596],[-93.639903999901,42.03244499999694],[-93.63996400017547,42.03240599993163],[-93.64002799974955,42.032397999744184],[-93.64014400010052,42.032404999741416]]}},{"type":"Feature","properties":{"kind":"road","class":"local","name":"Quebec St","code":"S1400"},"geometry":{"type":"LineString","coordinates":[[-93.66964699976926,42.03329900001306],[-93.67263899962147,42.03331999970482],[-93.6733030001435,42.03333499967108],[-93.6738169999794,42.0333249999164],[-93.67426999971593,42.03328599972381],[-93.67462999956604,42.03325500025507],[-93.67483999962832,42.03323299969746],[-93.67505999973635,42.0332029997133],[-93.67547400001314,42.033188999893774]]}},{"type":"Feature","properties":{"kind":"road","class":"local","code":"S1780"},"geometry":{"type":"LineString","coordinates":[[-93.67324299986905,42.02326000003935],[-93.67432599979243,42.023222000012154],[-93.67440199996041,42.02365100000134]]}},{"type":"Feature","properties":{"kind":"road","class":"local","code":"S1400"},"geometry":{"type":"LineString","coordinates":[[-93.64038900032288,42.03240599993163],[-93.6403759999041,42.03220500008808],[-93.64128200027548,42.03217800020006],[-93.64125499961298,42.03238000031961]]}},{"type":"Feature","properties":{"kind":"road","class":"local","name":"Gray Ave","code":"S1400"},"geometry":{"type":"LineString","coordinates":[[-93.64119799971157,42.02130599989653],[-93.64102700000734,42.02127400022641],[-93.64090900000657,42.02123099985188],[-93.64079600002867,42.02118399998345]]}},{"type":"Feature","properties":{"kind":"road","class":"local","code":"S1400"},"geometry":{"type":"LineString","coordinates":[[-93.63594899977602,42.01963500030052],[-93.63594899977602,42.01911300021397]]}},{"type":"Feature","properties":{"kind":"road","class":"local","name":"Maricopa Dr","code":"S1400"},"geometry":{"type":"LineString","coordinates":[[-93.67557600012039,42.00881000004946],[-93.67537100008099,42.00873400005705],[-93.67508099965275,42.00874099998987],[-93.67494799958335,42.008743999674785],[-93.67415199971515,42.00874600013213],[-93.67381500032957,42.00874700002706],[-93.67368899993288,42.0087369997423],[-93.6734229997941,42.00869899971381],[-93.67335800039508,42.00869099988058],[-93.67328999972472,42.00867999969111],[-93.67322199995264,42.00866699970736],[-93.67316400022634,42.00865199992826],[-93.67308700023344,42.008638000042225],[-93.67302500030915,42.008623000256286],[-93.6729650000347,42.00860600000513],[-93.67290499976023,42.008587999852026],[-93.6728450003841,42.00856999969377],[-93.67278699975947,42.00855100029999],[-93.67272900003314,42.008533000131315],[-93.6726200002532,42.008502999838896],[-93.672513999948,42.008481999959514],[-93.6724160000387,42.008467000136754],[-93.67231300010653,42.0084520003105],[-93.67222299969485,42.00843900028021],[-93.6721470004252,42.00843400011381],[-93.67206799988415,42.00842700014721],[-93.67198900024144,42.00842399977985],[-93.67188600030927,42.00842199997987],[-93.67179199969964,42.00842100007984],[-93.67168200009478,42.00842100007984],[-93.67157400013976,42.00842199997987],[-93.67146000033694,42.00842199997987],[-93.67134700035903,42.0084200001798],[-93.67123900040399,42.00841699981215],[-93.67112899990083,42.00841500001191],[-93.67101799957274,42.00841400011181],[-93.67091200016584,42.00841200031148],[-93.6708109998835,42.00841099974384],[-93.67069100023289,42.00840999984362],[-93.67044699983543,42.00840499967496],[-93.67028199997898,42.008402999874384],[-93.67024400034416,42.008402999874384],[-93.66998400005315,42.008401999974055],[-93.66992899980158,42.00840100007376],[-93.66988699996878,42.00840100007376],[-93.66970899969354,42.008400000173395],[-93.66949899963126,42.008397999705174],[-93.66937099958476,42.00839699980476],[-93.66930299981269,42.00839699980476],[-93.66916999974327,42.00839400010347],[-93.6689170000233,42.00838899993355]]}},{"type":"Feature","properties":{"kind":"road","class":"local","name":"Mulberry Blvd","code":"S1400"},"geometry":{"type":"LineString","coordinates":[[-93.6253389997519,42.00837499998963],[-93.62531100016282,42.008229000295664],[-93.62534200012496,42.008135999899835],[-93.62539099963044,42.008043000035535],[-93.62544699970694,42.00796799970143],[-93.62552899972272,42.007857999807996],[-93.62576100042462,42.00758500006978],[-93.62644599996474,42.00678399983471],[-93.62688899965552,42.00626800000731],[-93.62739599981873,42.00566299976166],[-93.62761900029982,42.00543800008933]]}},{"type":"Feature","properties":{"kind":"road","class":"local","code":"S1400"},"geometry":{"type":"LineString","coordinates":[[-93.6724160000387,42.008467000136754],[-93.6724229997114,42.00852299981292],[-93.6724510001988,42.00856299974214],[-93.672445000351,42.008619999898166]]}},{"type":"Feature","properties":{"kind":"road","class":"local","name":"Iowa Cir","code":"S1400"},"geometry":{"type":"LineString","coordinates":[[-93.6592850003406,42.034743999886196],[-93.65938900009766,42.03482100030762],[-93.65939499994545,42.034843000315604],[-93.65939599977037,42.03487800028219],[-93.65937900005191,42.03491600001448],[-93.65935399993757,42.03494199992351],[-93.65931899977747,42.034952000091025],[-93.65927000027197,42.03495999995699],[-93.6592080003477,42.034947000007485],[-93.65916800016473,42.034919999949864],[-93.65915599957084,42.034900999754164],[-93.65915399992102,42.0348680001031],[-93.65916599961659,42.03484200016374],[-93.65919599975382,42.034798000139524],[-93.65924099995966,42.03476599992083],[-93.6592850003406,42.034743999886196]]}},{"type":"Feature","properties":{"kind":"road","class":"local","name":"Scott Ave","code":"S1400"},"geometry":{"type":"LineString","coordinates":[[-93.66061900033414,42.03257899990213],[-93.66059199967165,42.033168999669705],[-93.66059800041775,42.033504999930535],[-93.66060400026552,42.033831000074514],[-93.66059800041775,42.03438499985283],[-93.6605969996945,42.03448900029418]]}},{"type":"Feature","properties":{"kind":"road","class":"local","name":"Audubon Trl","code":"S1710"},"geometry":{"type":"LineString","coordinates":[[-93.62922899957957,42.03022699990755],[-93.62910700027913,42.030075999864344]]}},{"type":"Feature","properties":{"kind":"road","class":"local","name":"Cessna St","code":"S1400"},"geometry":{"type":"LineString","coordinates":[[-93.639354999905,42.016228000011594],[-93.63978400025039,42.016219000013],[-93.6398960004034,42.01618999978636],[-93.64007499960522,42.01615099975996],[-93.64035800036075,42.016080999874994],[-93.64051399999637,42.016056999820414],[-93.64058500014148,42.01605200025285],[-93.64094499999159,42.01602299995006],[-93.64151099970601,42.01603899977356],[-93.6417330003622,42.01608000009534],[-93.6419459998992,42.016087999666716],[-93.6422060001902,42.016076000309305],[-93.6423679996736,42.01607300030273],[-93.64249999991807,42.01604600023734],[-93.64259799982736,42.01601000013227]]}},{"type":"Feature","properties":{"kind":"road","class":"local","name":"Colorado Cir","code":"S1400"},"geometry":{"type":"LineString","coordinates":[[-93.66344100030702,42.024952000253826],[-93.66345800002547,42.02529899989347]]}},{"type":"Feature","properties":{"kind":"road","class":"local","name":"Mortensen Rd","code":"S1400"},"geometry":{"type":"LineString","coordinates":[[-93.64889399970129,42.011867999943725],[-93.64850200006413,42.01183299998998],[-93.64807000024399,42.01179999971082],[-93.64768100008156,42.011718000197014],[-93.64745000010289,42.01164599973911]]}},{"type":"Feature","properties":{"kind":"road","class":"local","name":"Wisconsin Cir","code":"S1400"},"geometry":{"type":"LineString","coordinates":[[-93.66205500043495,42.03449799970845],[-93.66206799995541,42.03491600001448]]}},{"type":"Feature","properties":{"kind":"road","class":"local","name":"Hawthorne Ct","code":"S1400"},"geometry":{"type":"LineString","coordinates":[[-93.64014199955237,42.033736000080346],[-93.64013400005477,42.0339790000424],[-93.64014800029847,42.03417900011868],[-93.64015999999403,42.034338999859976]]}},{"type":"Feature","properties":{"kind":"road","class":"local","name":"Pearson Ave","code":"S1400"},"geometry":{"type":"LineString","coordinates":[[-93.64243100032111,42.01961499981617],[-93.64242499957501,42.019247999922236],[-93.64243100032111,42.019059999716234]]}},{"type":"Feature","properties":{"kind":"road","class":"local","name":"Pearson Ave","code":"S1400"},"geometry":{"type":"LineString","coordinates":[[-93.64270499995747,42.02061600001937],[-93.64278199995037,42.02052800026657],[-93.6428110002627,42.02044399990361],[-93.6428399996767,42.020334999942456],[-93.64284899989752,42.0202259997945],[-93.64281799993539,42.020148999712035],[-93.64275400036128,42.02007700012257]]}},{"type":"Feature","properties":{"kind":"road","class":"local","name":"13th St","code":"S1400"},"geometry":{"type":"LineString","coordinates":[[-93.64291199964673,42.03570399977106],[-93.64334000016721,42.035736000184684],[-93.6447419999328,42.035736000184684],[-93.64489099989574,42.03573500004693],[-93.64547199967878,42.03573500004693],[-93.64617999968344,42.03572299972669],[-93.64671899963369,42.03570399977106],[-93.64700999988682,42.03568499980975],[-93.64754200016439,42.03562000010984],[-93.64795899991591,42.035540999707614],[-93.64904400038743,42.035289999889336],[-93.64955599967519,42.03516800012208],[-93.65004000027217,42.035068000050664],[-93.6500839997548,42.035059000049884],[-93.65055699958282,42.034990999928546],[-93.65081100002602,42.03497199975408],[-93.65107799998971,42.03497900013506],[-93.65222299983738,42.03506500027297],[-93.65278100005422,42.03511199988801],[-93.65311099976708,42.03513100002063],[-93.6532739999737,42.035133000315135],[-93.65353699973943,42.035114000183114],[-93.6537230004106,42.03508899982522],[-93.65381899977174,42.03506999968005],[-93.65404200025282,42.035011000246506],[-93.65451900027878,42.03487300019284],[-93.65488199960363,42.034750000139034],[-93.65527499996402,42.03464799976739],[-93.65565099970767,42.03457700007275]]}},{"type":"Feature","properties":{"kind":"road","class":"local","name":"Ashmore Ct","code":"S1400"},"geometry":{"type":"LineString","coordinates":[[-93.64331400022795,42.01069399988969],[-93.64354500020661,42.01042499978192],[-93.64357000032098,42.010375000328835],[-93.64353599998579,42.01031299972423],[-93.64345099959698,42.01025800016003],[-93.64338399964983,42.01025800016003],[-93.64334299964193,42.01028300027126],[-93.6432270001893,42.01040899988114],[-93.64305300011202,42.01055300017853]]}},{"type":"Feature","properties":{"kind":"road","class":"local","name":"Ross Rd","code":"S1400"},"geometry":{"type":"LineString","coordinates":[[-93.65563499981413,42.03333999988143],[-93.65578899979992,42.03333700002218],[-93.65605800031176,42.03335099980905],[-93.65633899962084,42.03338499975534],[-93.65650000017763,42.033418000176404],[-93.65681900001985,42.033491000177534],[-93.65696799998277,42.03351899968045],[-93.6571160001208,42.033526000221464],[-93.65723800031951,42.03351899968045],[-93.65751100013098,42.03349599970842],[-93.65769699990383,42.03345300026054],[-93.65785900028554,42.033402000055254],[-93.65801599974607,42.03331800002044],[-93.65816100040934,42.033218999884554],[-93.65830500034937,42.03307200032836],[-93.65846799965767,42.032876000168834],[-93.65860599974992,42.032731999707366],[-93.65871899972784,42.0326690000284],[-93.65886900041399,42.03260900018081],[-93.65900900015606,42.03257799971464],[-93.6591599997688,42.032564999945166],[-93.65928000031771,42.032564999945166],[-93.65995300016228,42.03258100027701],[-93.66061900033414,42.03257899990213],[-93.66115900010931,42.03257899990213],[-93.66185200004534,42.03257099973646],[-93.66204000036632,42.03257499981942],[-93.6624400003994,42.03258400017195],[-93.6632220000239,42.03258000008955],[-93.66351499992687,42.03258299998459],[-93.6636229998819,42.03256200004933],[-93.66397100003644,42.032482000327626],[-93.66417400042604,42.032390000222975],[-93.6643130003432,42.03231499990857],[-93.66453500010107,42.032243000084],[-93.66468800026193,42.03221500001897],[-93.66506900002844,42.03220900019408],[-93.66542600040383,42.03221300029981],[-93.66589900023183,42.03222000031743],[-93.66665200044234,42.03222499994829],[-93.66788699980337,42.03224199989123],[-93.6681780000565,42.03224099969848],[-93.66965500016518,42.03223499987604]]}},{"type":"Feature","properties":{"kind":"road","class":"local","name":"Graeber St","code":"S1400"},"geometry":{"type":"LineString","coordinates":[[-93.643269999847,42.01724000018435],[-93.64369499999444,42.01740400021812],[-93.644071999563,42.01752099992267],[-93.64430699973964,42.0176089998324]]}},{"type":"Feature","properties":{"kind":"road","class":"local","name":"Farm House Rd","code":"S1400"},"geometry":{"type":"LineString","coordinates":[[-93.64372299958355,42.02593499993742],[-93.64370099984224,42.026852000169015],[-93.64369300034461,42.02737700025637],[-93.64369099979649,42.027589000276635],[-93.64369599981936,42.02812299993286],[-93.64370000001732,42.0284860003096],[-93.64369300034461,42.02886300005625],[-93.64369300034461,42.02891800021294]]}},{"type":"Feature","properties":{"kind":"road","class":"local","name":"Lee St","code":"S1400"},"geometry":{"type":"LineString","coordinates":[[-93.62550500033159,42.0284949999066],[-93.62619499989457,42.02848399980584],[-93.62696200034878,42.028462999850895]]}},{"type":"Feature","properties":{"kind":"road","class":"local","code":"S1400"},"geometry":{"type":"LineString","coordinates":[[-93.6576459998502,42.03761800009067],[-93.65761300023826,42.0376610000566],[-93.65756399983444,42.03770799975335],[-93.65751600015386,42.037734999960875],[-93.65746500010023,42.03773700017347],[-93.65742200044254,42.03772400012481],[-93.65739599960494,42.03769599980567]]}},{"type":"Feature","properties":{"kind":"road","class":"local","name":"Beedle Dr","code":"S1400"},"geometry":{"type":"LineString","coordinates":[[-93.67324200004414,42.022986000001914],[-93.67323600019634,42.02287099968801],[-93.67323299982331,42.02281600030577],[-93.67322799980043,42.02265699993124],[-93.6732250003257,42.02258299982283],[-93.67321600010486,42.02126199984548],[-93.6731969998383,42.01992599999589],[-93.67319799966319,42.01951099973216],[-93.67319099999051,42.01935699974451],[-93.67318900034068,42.019282999799834],[-93.67318799961745,42.01920599991021],[-93.67318599996763,42.01915899987981],[-93.67318500014272,42.01910699981987],[-93.6731840003178,42.01904899998518],[-93.67318199976968,42.01898699982724],[-93.67318000011984,42.01892199973668],[-93.67317699974681,42.01885399970433],[-93.67317500009699,42.018713999801335],[-93.67317400027207,42.018641000182534],[-93.67317400027207,42.018492999875356],[-93.67317300044715,42.01841799984972],[-93.67317099989901,42.01834299973567],[-93.67316900024919,42.01826999969099],[-93.67316699970105,42.01820200029619],[-93.67316599987616,42.018185999682125],[-93.67316599987616,42.018136000323324],[-93.67316500005124,42.01807300019433],[-93.67316400022634,42.01801000000297],[-93.67316300040142,42.017949999667316],[-93.67316000002837,42.01789599978399],[-93.67315400018059,42.01785100029112],[-93.67315599983041,42.01779200022554],[-93.67315099980755,42.01773300010528],[-93.67313999993688,42.01767900003769],[-93.67311800019557,42.01761399994498],[-93.67309800010409,42.017570999764956],[-93.67307200016482,42.01752300010398],[-93.67305500044638,42.01749099986494],[-93.67302399958592,42.01742600024742],[-93.67298900032414,42.017337000324574],[-93.67297599990535,42.017285000109574],[-93.67296400020979,42.01723200009047],[-93.67295400016405,42.01717300011803],[-93.67294900014117,42.017089999758745],[-93.67294800031627,42.016889000208785]]}},{"type":"Feature","properties":{"kind":"road","class":"local","name":"Iowa Ave","code":"S1400"},"geometry":{"type":"LineString","coordinates":[[-93.65928000031771,42.032564999945166],[-93.65928799981532,42.0331589998889],[-93.65928699999041,42.033510000127556],[-93.6592850003406,42.034382000042854],[-93.6592850003406,42.03446999996963]]}},{"type":"Feature","properties":{"kind":"road","class":"local","name":"Lynn Ave","code":"S1400"},"geometry":{"type":"LineString","coordinates":[[-93.64717800011631,42.024499000162656],[-93.64700700041209,42.02434799985993],[-93.64681800026621,42.024115000319874],[-93.64667900034904,42.023844000270444],[-93.64654899975437,42.02361100021807],[-93.64647099993657,42.02340900026066],[-93.6464170004082,42.023155999910884],[-93.64641499986008,42.02298699967299],[-93.64641400003515,42.022900000204565],[-93.64641300021026,42.02279000010804],[-93.64641099966212,42.022652000215196],[-93.64639999979146,42.021590000100446],[-93.64639300011876,42.02104399987133],[-93.64638300007303,42.02040699990711],[-93.64636399980644,42.01917099999029],[-93.64636399980644,42.01796799984068],[-93.64636700017951,42.01703200008666],[-93.64634500043819,42.01614900020287],[-93.6463169999508,42.015602999974135]]}},{"type":"Feature","properties":{"kind":"road","class":"local","code":"S1400"},"geometry":{"type":"LineString","coordinates":[[-93.63817999992011,42.0063879999681],[-93.63814499976002,42.00636700005801],[-93.63807399961489,42.00633800001193],[-93.63755599958104,42.00632600015009],[-93.63677099958348,42.006318000018446],[-93.6366800002452,42.00632400028417]]}},{"type":"Feature","properties":{"kind":"road","class":"local","name":"Harris St","code":"S1400"},"geometry":{"type":"LineString","coordinates":[[-93.67541999958645,42.01820000013624],[-93.67524300003446,42.018208000108295],[-93.6742820003098,42.01820899985448],[-93.67392599975935,42.018192000163125],[-93.67375800042818,42.018187999842525],[-93.6736980001537,42.01818400018906],[-93.6736129997649,42.01818200002849],[-93.67343500038798,42.018185999682125],[-93.67334400015139,42.018187000096],[-93.6732549995646,42.018187999842525],[-93.67316599987616,42.018185999682125],[-93.67307899983751,42.018179999867904],[-93.67298500012619,42.018171999892324],[-93.6728880000418,42.01816000026072],[-93.67279299960725,42.01813999997985],[-93.67269999972083,42.01811500028726],[-93.67261000020746,42.01808299967871],[-93.67242799973428,42.01801700024978],[-93.67233200037312,42.01798999967487],[-93.67223000026587,42.017965999673365],[-93.67212300013574,42.01794599999883],[-93.67190600040075,42.01791999981191],[-93.67184399957817,42.01791800031049],[-93.6714650003598,42.01791199980362],[-93.67135800022969,42.017913999972635],[-93.67117300028175,42.01791300022182],[-93.67109000044107,42.01791100005278],[-93.67101099990005,42.01790899988366],[-93.67094099957984,42.017905999963546],[-93.67085100006646,42.01789899970456],[-93.67075499980702,42.017897999953504]]}},{"type":"Feature","properties":{"kind":"road","class":"local","name":"8th St","code":"S1400"},"geometry":{"type":"LineString","coordinates":[[-93.61051300038524,42.028978000208305],[-93.61136899962959,42.02897099983361],[-93.61216600022101,42.02896400012549],[-93.61301300014284,42.02894800021773],[-93.61381200038409,42.02893299988346],[-93.61462599979565,42.028929000238584],[-93.61543599990755,42.028924999926176],[-93.61624299964642,42.028913999899835],[-93.61697599976542,42.02890400011692],[-93.61772999980084,42.02887799973974],[-93.61835999998769,42.02886499988079],[-93.62024899982501,42.02883600008322],[-93.62094799960884,42.028820000143234],[-93.62159700006227,42.028804999778814],[-93.62227900012766,42.02879399973171],[-93.62376399973394,42.02876900022423]]}},{"type":"Feature","properties":{"kind":"road","class":"local","name":"9th St","code":"S1400"},"geometry":{"type":"LineString","coordinates":[[-93.61053699977636,42.03015799972902],[-93.61139399974394,42.03016300018934],[-93.61220399985585,42.030166000198406],[-93.6130530003258,42.03017500022482],[-93.61382699955439,42.03018300002479],[-93.61466400032879,42.030160000180096],[-93.61545299962599,42.03016699975658],[-93.61627799980651,42.03018199979965],[-93.61703100001701,42.03019600028144],[-93.61776900015889,42.030208000310694],[-93.6184110000413,42.03021799988853],[-93.61885899975498,42.03020200029635],[-93.62028800018308,42.03019300027379],[-93.62097799974606,42.030192000048814],[-93.62163100039746,42.03019099982376],[-93.62230300041709,42.03019000026597],[-93.62246400007558,42.03019000026597],[-93.62449500020314,42.03018100024171],[-93.62486199972594,42.030178999791296],[-93.62544900025509,42.03019600028144],[-93.62582599982363,42.03018799981588],[-93.6260919999624,42.030184000249925],[-93.62642699969817,42.03019099982376],[-93.62663500011064,42.03021600010655],[-93.62674499971548,42.03026799975573],[-93.62676900000494,42.030285000222065],[-93.62694200025729,42.03039999980337],[-93.62702500009797,42.03044899997374]]}},{"type":"Feature","properties":{"kind":"road","class":"local","name":"Kildee St","code":"S1400"},"geometry":{"type":"LineString","coordinates":[[-93.64222999958133,42.01720400008776],[-93.64234299955925,42.017201999896415],[-93.64271800037626,42.0171719996882]]}},{"type":"Feature","properties":{"kind":"road","class":"local","name":"Scholl Rd","code":"S1400"},"geometry":{"type":"LineString","coordinates":[[-93.66228800006344,42.041613999739894],[-93.6623009995839,42.041542999821885],[-93.6624139995618,42.04102799986493],[-93.66246899981341,42.040774000193885],[-93.66260000023298,42.04025300027594],[-93.66261100010364,42.04018499970772],[-93.66263100019512,42.04006400006679],[-93.66265899978421,42.03989800029483],[-93.6626710003781,42.039855999914025],[-93.66287800006732,42.03917000021701],[-93.66289499978575,42.03912599985339],[-93.6630379999009,42.03878199990269],[-93.66323899974235,42.03844299990019],[-93.66354199969105,42.038093999752135],[-93.66360100014059,42.038054999817206],[-93.66367700030858,42.03800500007098],[-93.66409900008296,42.03767300001089],[-93.66494400035498,42.03699800006301],[-93.6651850003794,42.03673499986522],[-93.66536799977918,42.03638299996234],[-93.66541600035808,42.03603600010963],[-93.66541600035808,42.03588300025149],[-93.66540999961198,42.03546099973228],[-93.66542100038095,42.03492899997033],[-93.66543700027448,42.034485000331664],[-93.66543700027448,42.034396999758485],[-93.66544800014512,42.03336199973481],[-93.66542600040383,42.03221300029981]]}},{"type":"Feature","properties":{"kind":"road","class":"local","name":"Gray Ave","code":"S1400"},"geometry":{"type":"LineString","coordinates":[[-93.64202399971701,42.022773000306636],[-93.6420160002194,42.02262300025287],[-93.64197799968626,42.021823999907404],[-93.64199500030301,42.02152700005659],[-93.64190599971623,42.02143099999687],[-93.64180399960898,42.021330999669324]]}},{"type":"Feature","properties":{"kind":"road","class":"local","name":"Beyer Ct","code":"S1400"},"geometry":{"type":"LineString","coordinates":[[-93.65071300011672,42.025168999871475],[-93.65092099963087,42.02502400032899],[-93.65098099990534,42.02360799989962],[-93.65110499975391,42.023405999932685],[-93.65189399994941,42.0234210002364],[-93.65243799992253,42.02341799990903]]}},{"type":"Feature","properties":{"kind":"road","class":"local","name":"Mesa Verde Cir","code":"S1400"},"geometry":{"type":"LineString","coordinates":[[-93.67124699990158,42.030970000197996],[-93.67148499955297,42.03107400022199]]}},{"type":"Feature","properties":{"kind":"road","class":"local","name":"Northcrest Cir","code":"S1400"},"geometry":{"type":"LineString","coordinates":[[-93.63512699996855,42.043273999828926],[-93.63551500030606,42.04328500003854],[-93.63575100030762,42.043280999962526],[-93.63578200026976,42.04324399991473],[-93.63577499969874,42.04293299972505],[-93.6357570001554,42.042848000253514],[-93.63570500027686,42.04284200009813],[-93.63562099971296,42.042846000201784],[-93.6352650000608,42.04312500013777],[-93.63512699996855,42.043273999828926]]}},{"type":"Feature","properties":{"kind":"road","class":"local","name":"S 4th St","code":"S1400"},"geometry":{"type":"LineString","coordinates":[[-93.6306179998247,42.016538000298205],[-93.63103700012437,42.016406999941644],[-93.63123100029311,42.01639199998547],[-93.63138799975363,42.01635000008944],[-93.6319760001077,42.016314000156456],[-93.63218399962184,42.01634600032033],[-93.63234099998067,42.01634799987123],[-93.63368400019506,42.016356000076264],[-93.63451000020049,42.01632799968787],[-93.63492899960183,42.01628899974603]]}},{"type":"Feature","properties":{"kind":"road","class":"local","code":"S1740"},"geometry":{"type":"LineString","coordinates":[[-93.6448259995984,42.041578000101474],[-93.64495199999509,42.041594000165674],[-93.64499100035316,42.04159999977175],[-93.6451980000424,42.041615999830405],[-93.64526499998955,42.041615999830405],[-93.6454440000897,42.0416179999208],[-93.64574100019061,42.041631999885034],[-93.64592799978836,42.04165600029296],[-93.64612399960696,42.041686999666794],[-93.64629299966134,42.04169900019508],[-93.64637800005016,42.04169900019508],[-93.64655999962504,42.04166500002665],[-93.6468530004263,42.04159600025681],[-93.64715399982688,42.041506000096305],[-93.64731200001061,42.04145100015782],[-93.6474080002701,42.04142699967245],[-93.64746299962336,42.04141699985667],[-93.64764400027164,42.041400999747914],[-93.64777099959494,42.04139700022044],[-93.648218000382,42.041482999679026],[-93.64848000032282,42.04157299987212],[-93.64886799976202,42.041659999804125],[-93.6489360004324,42.041669000204394],[-93.64903400034169,42.041675999847676],[-93.64917499990868,42.041680000024726],[-93.64947799985738,42.04170000023903],[-93.64958900018547,42.041706999878905],[-93.6499780003479,42.041735999808324],[-93.65018000001425,42.041727000084705]]}},{"type":"Feature","properties":{"kind":"road","class":"local","name":"Hawthorne Ct","code":"S1400"},"geometry":{"type":"LineString","coordinates":[[-93.64015999999403,42.034338999859976],[-93.63926200001858,42.034325000290686],[-93.63927299988923,42.03376999982069],[-93.63928200011007,42.03365599983469]]}},{"type":"Feature","properties":{"kind":"road","class":"local","name":"Hawthorne Ct","code":"S1400"},"geometry":{"type":"LineString","coordinates":[[-93.64289400010337,42.03529100003414],[-93.64288400005762,42.03460400027609]]}},{"type":"Feature","properties":{"kind":"road","class":"local","name":"Westbrook Dr","code":"S1400"},"geometry":{"type":"LineString","coordinates":[[-93.6732670001585,42.02371100029647],[-93.67328700024997,42.023696999721025],[-93.67338900035723,42.023666999907626],[-93.67353300029727,42.023645999696164],[-93.67423899975378,42.02364999967342],[-93.67440199996041,42.02365100000134],[-93.67456099996906,42.02365100000134],[-93.67501700007865,42.023674999859246],[-93.67519199998083,42.02371500026963],[-93.67527900001947,42.023756999972754],[-93.67541000043903,42.023797999989824],[-93.6755769999453,42.0238689997127],[-93.67570199961877,42.02392699982223],[-93.67580999957381,42.0240009997011],[-93.67591000003122,42.024085000036365],[-93.67619500043658,42.02429099978496],[-93.67649099981428,42.02447400030084],[-93.67667900013525,42.02456199993106]]}},{"type":"Feature","properties":{"kind":"road","class":"local","code":"S1400"},"geometry":{"type":"LineString","coordinates":[[-93.63592500038489,42.01820200029619],[-93.63592399966166,42.018118000197504],[-93.63592200001185,42.0176490000545],[-93.63591600016404,42.01737600029113],[-93.63591100014118,42.01717399988049],[-93.63590000027054,42.01646800017182],[-93.6358979997224,42.01631799992752],[-93.6358979997224,42.01627099976484]]}},{"type":"Feature","properties":{"kind":"road","class":"local","code":"S1400"},"geometry":{"type":"LineString","coordinates":[[-93.6357229998202,42.018198999722514],[-93.63572500036834,42.01831000016466],[-93.63574100026186,42.01899300023266],[-93.63574299991168,42.01911399994592]]}},{"type":"Feature","properties":{"kind":"road","class":"local","name":"Mortensen Pkwy","code":"S1400"},"geometry":{"type":"LineString","coordinates":[[-93.64745000010289,42.01164599973911],[-93.64736100041442,42.0116179999469],[-93.64703300035136,42.01147899998552],[-93.64678399993102,42.011333000073556],[-93.64630000023236,42.010955999838984],[-93.6461620001401,42.01079299972737],[-93.64603499991848,42.01062499987127],[-93.6459510002529,42.01046399998221],[-93.64587599990983,42.01025900003119],[-93.64579100041932,42.010000000174095],[-93.64572799977182,42.00963300019431],[-93.64568599993902,42.009483999732744],[-93.64566699967244,42.00943300032338],[-93.64562599966457,42.0093230002932],[-93.6455369999761,42.009191999760354],[-93.6454230001733,42.00906599974229],[-93.64524499989807,42.00893900025026],[-93.64511699985155,42.00887700024849],[-93.64493299972852,42.008804000018216],[-93.64471500016865,42.008758000205],[-93.64452400037293,42.0087400000949],[-93.64428199962528,42.00875700031025],[-93.64387900011747,42.00882100021651],[-93.6434249996577,42.008899999782535],[-93.64296500024847,42.00897800002668],[-93.6428830002327,42.00899099994682],[-93.6427069996073,42.009007000204264],[-93.64238199991729,42.00899600006943],[-93.64201299984634,42.00891500017065],[-93.64183100027148,42.0088480000116],[-93.64168399995837,42.00876099988911],[-93.64149700036063,42.00866200022639],[-93.64130099964373,42.008580000004834],[-93.64114800038116,42.00852500027721],[-93.6409679995578,42.00848000016132],[-93.64085200010516,42.00846299987195],[-93.6407140000129,42.008442999879065],[-93.6402489996825,42.00841400011181],[-93.63979000009819,42.00841099974384],[-93.63965299983083,42.00839599990433],[-93.63946200003512,42.00832799996469],[-93.63941900037742,42.008313000105666]]}},{"type":"Feature","properties":{"kind":"road","class":"local","name":"Co Rd E41","code":"S1400"},"geometry":{"type":"LineString","coordinates":[[-93.67140000006248,42.022906999913076],[-93.67159800042919,42.02295500018149],[-93.67188200011131,42.02296599990422],[-93.67292900004969,42.02297300027281],[-93.67324200004414,42.022986000001914],[-93.67390099964497,42.02300400008447],[-93.67442000040207,42.02297599995388],[-93.67654799971568,42.02298899968237],[-93.6770840001912,42.02300400008447],[-93.67816499956645,42.02302299983237],[-93.67870000021706,42.02303699988888],[-93.67876700016421,42.02303800022644],[-93.67895200011213,42.023042999912136],[-93.67932899968068,42.023034999881006],[-93.6804340002437,42.0229909996917],[-93.68223000019461,42.022986000001914],[-93.6844539997677,42.02297300027281],[-93.68466200018015,42.02292900004059]]}},{"type":"Feature","properties":{"kind":"road","class":"local","name":"Annear St","code":"S1400"},"geometry":{"type":"LineString","coordinates":[[-93.66544800014512,42.03336199973481],[-93.66713000029323,42.033350000301],[-93.66779100044222,42.033360000051744]]}},{"type":"Feature","properties":{"kind":"road","class":"local","name":"Lincoln Way","code":"S1400"},"geometry":{"type":"LineString","coordinates":[[-93.67140000006248,42.022906999913076],[-93.67159800042919,42.02295500018149],[-93.67188200011131,42.02296599990422],[-93.67292900004969,42.02297300027281],[-93.67324200004414,42.022986000001914],[-93.67390099964497,42.02300400008447],[-93.67442000040207,42.02297599995388],[-93.67654799971568,42.02298899968237],[-93.6770840001912,42.02300400008447],[-93.67816499956645,42.02302299983237],[-93.67870000021706,42.02303699988888],[-93.67876700016421,42.02303800022644],[-93.67895200011213,42.023042999912136],[-93.67932899968068,42.023034999881006],[-93.6804340002437,42.0229909996917],[-93.68223000019461,42.022986000001914],[-93.6844539997677,42.02297300027281],[-93.68466200018015,42.02292900004059]]}},{"type":"Feature","properties":{"kind":"road","class":"local","name":"Lincoln Way","code":"S1400"},"geometry":{"type":"LineString","coordinates":[[-93.67140000006248,42.022906999913076],[-93.67157999998753,42.02287400004118],[-93.67303700000471,42.022859999948835],[-93.67323600019634,42.02287099968801],[-93.67366499964344,42.02288699979052],[-93.6757590004185,42.022906000240745],[-93.67812199990875,42.02291699997201],[-93.67870299969181,42.02291400028816],[-93.67877100036216,42.02291299994859],[-93.68007799969321,42.02290099987698],[-93.68048299974917,42.02289699985261],[-93.68151299996912,42.02290299988908],[-93.68222599999665,42.02289499984033],[-93.68260199974027,42.02289099981554],[-93.68378199974804,42.022896000180125],[-93.68435300038367,42.02288600011794],[-93.68466200018015,42.02292900004059]]}},{"type":"Feature","properties":{"kind":"road","class":"local","name":"Wildflower Dr","code":"S1400"},"geometry":{"type":"LineString","coordinates":[[-93.67267999962934,42.024885999946456],[-93.6726550004133,42.02489899995176],[-93.67262600010098,42.02492300000589],[-93.67260299963645,42.02495299989398],[-93.67259099994088,42.0249809998212],[-93.67259099994088,42.02500699979029],[-93.67259699978867,42.02502899985851],[-93.67262100007812,42.025052999863576],[-93.67265399969008,42.025074000277634],[-93.67269800007101,42.02508200005221],[-93.67273700042907,42.02508099974681],[-93.6727819997366,42.02507199966651],[-93.67280799967585,42.025045999724],[-93.67281500024687,42.024986000021435],[-93.67280799967585,42.024956999789005],[-93.67278400028474,42.0249329997477],[-93.67274499992666,42.0249119999544],[-93.67270999976657,42.024900999901],[-93.67267999962934,42.024885999946456]]}},{"type":"Feature","properties":{"kind":"road","class":"local","name":"16th St","code":"S1400"},"geometry":{"type":"LineString","coordinates":[[-93.61070099980789,42.038282999816005],[-93.6115310000113,42.03829300012493],[-93.61232400040477,42.03829599975031],[-93.61380099961514,42.03829500031997],[-93.61398300008833,42.03829799994521],[-93.61476499971282,42.03831199997373],[-93.6155510004336,42.03832599999911],[-93.61714399999491,42.038316999792514],[-93.61852700039226,42.0383189999868],[-93.62042899975006,42.03834499983803],[-93.62151199967344,42.03833099981684],[-93.62257100020571,42.0383189999868],[-93.62363700041065,42.038313000070936],[-93.62470600009033,42.038307000154546],[-93.62577999979288,42.03830199966774],[-93.62683599995208,42.038288999734654],[-93.6292239995567,42.03826199976251],[-93.62949600044156,42.038259000135525],[-93.62979600001722,42.038261000331644]]}},{"type":"Feature","properties":{"kind":"road","class":"local","code":"S1630"},"geometry":{"type":"LineString","coordinates":[[-93.63329800040567,42.003201000089575],[-93.634237000389,42.00309299993184],[-93.63542700044252,42.00291299992911],[-93.63619900002126,42.002753999859124],[-93.63779599978055,42.00240100005949],[-93.63866299979387,42.0022190001068],[-93.63939000006509,42.00207400030379],[-93.63945600018735,42.00206000030527],[-93.63955999994441,42.00207300030398],[-93.63961000017312,42.00207900030248],[-93.64008800002402,42.00213800025755],[-93.64153300034565,42.00232999973275],[-93.64217000020518,42.00241899996052],[-93.64280100021696,42.002528999912506],[-93.64341600033518,42.00264500028696],[-93.64444900002985,42.00291799986187],[-93.64500300004873,42.00308999998047],[-93.64562300018983,42.003345000014704]]}},{"type":"Feature","properties":{"kind":"road","class":"local","code":"S1630"},"geometry":{"type":"LineString","coordinates":[[-93.68559299976756,42.01065599969533],[-93.6847299999522,42.01046800012123],[-93.68424100023067,42.01034100009088],[-93.68376199965654,42.010253000136615],[-93.68340900037747,42.01020000026473],[-93.68277599981755,42.010119999769934],[-93.68171899983344,42.0100069999676],[-93.68038999986277,42.00987299987685],[-93.67941599971932,42.00976200006113],[-93.67887799959398,42.009734999986456],[-93.67876700016421,42.009729999921916],[-93.6786180002013,42.00971899991211],[-93.67847900028413,42.00968099980275],[-93.6780490001138,42.00954900012484],[-93.67787400021163,42.00950900014818],[-93.67770699980704,42.009452000121236],[-93.6775620000421,42.00937499967581],[-93.67730900032211,42.00916400022287],[-93.67705099968093,42.00891799984736],[-93.6765760002031,42.00844600024549],[-93.67647499992076,42.008373000188115],[-93.67620100028435,42.00817400026458],[-93.6758659996503,42.007966999794306],[-93.6754649997923,42.007787000230834],[-93.67471599977976,42.00755200025682],[-93.67402600021677,42.00737400001961],[-93.67363000038165,42.007277000037],[-93.67344000041085,42.00723099978707],[-93.6731829995946,42.00715000031094]]}},{"type":"Feature","properties":{"kind":"road","class":"local","code":"S1400"},"geometry":{"type":"LineString","coordinates":[[-93.64125499961298,42.03238000031961],[-93.64161399963818,42.03238000031961]]}},{"type":"Feature","properties":{"kind":"road","class":"local","name":"Story St","code":"S1400"},"geometry":{"type":"LineString","coordinates":[[-93.6584690003809,42.023764000254204],[-93.65944299962601,42.02375800029899],[-93.66026299978368,42.02375899995792],[-93.66161900041685,42.02377699982158]]}},{"type":"Feature","properties":{"kind":"road","class":"local","name":"Marston Ct","code":"S1400"},"geometry":{"type":"LineString","coordinates":[[-93.6518789998808,42.02722400024007],[-93.65089600041483,42.02722799999222]]}},{"type":"Feature","properties":{"kind":"road","class":"local","name":"10th St","code":"S1400"},"geometry":{"type":"LineString","coordinates":[[-93.61057199993648,42.03127700005446],[-93.61164200033937,42.031255000146665],[-93.61223499981799,42.031243999856315],[-93.61308799958759,42.031243999856315],[-93.61387199976025,42.03124500006474],[-93.61468100004723,42.03124800002279],[-93.615496000182,42.031268999724915],[-93.61631299996661,42.03128299996733],[-93.61702900036718,42.03129499979138],[-93.61779599992308,42.031291999835595],[-93.6184110000413,42.03129000008736],[-93.6191779995972,42.03128299996733],[-93.62031499994725,42.03127400009779],[-93.62140600026656,42.03129899995464],[-93.62247400012133,42.03127899980306],[-93.62355399967166,42.031272999889815],[-93.62402900004781,42.0312640000189],[-93.624612000379,42.03125299973005],[-93.62492899967309,42.03124699981435]]}},{"type":"Feature","properties":{"kind":"road","class":"local","name":"Osborn Dr","code":"S1400"},"geometry":{"type":"LineString","coordinates":[[-93.64077199973923,42.02889300008699],[-93.64109499977941,42.0289210002808],[-93.64131499988744,42.028923000103525],[-93.64151499990398,42.028913999899835],[-93.64208700036451,42.02890200029359],[-93.64285200027057,42.02891800021294],[-93.64369300034461,42.02891800021294],[-93.64417600021838,42.02891699996789],[-93.64460700021361,42.028905999940164],[-93.64510500015597,42.028899999802924],[-93.64565800034993,42.02889600015598],[-93.64618700025446,42.0289010000483],[-93.6472740003758,42.02889900022489],[-93.64795899991591,42.028875999915606],[-93.64920000002304,42.02887299984562],[-93.64930700015317,42.02887299984562],[-93.6518799997057,42.0288900000178]]}},{"type":"Feature","properties":{"kind":"road","class":"local","name":"Arthur Cir","code":"S1400"},"geometry":{"type":"LineString","coordinates":[[-93.6278929999362,42.04021799993371],[-93.62787299984471,42.0402310001393],[-93.62780000004977,42.040377999816],[-93.62780000004977,42.040398999837336],[-93.62781199974535,42.040436000207514],[-93.62786399962388,42.04046800023988],[-93.62791899987546,42.04047600007863],[-93.62796499990623,42.04047600007863],[-93.62800199971613,42.04046199985975],[-93.62804799974688,42.040397999772956],[-93.62802099998271,42.04032699983054],[-93.6279509996625,42.04027399967147],[-93.6278929999362,42.04021799993371]]}},{"type":"Feature","properties":{"kind":"road","class":"local","name":"Forest Glen St","code":"S1400"},"geometry":{"type":"LineString","coordinates":[[-93.66006799979,42.02638200009878],[-93.66024100004236,42.02657100029199],[-93.66035800021822,42.02674299984884],[-93.66040000005101,42.02685599994456],[-93.66042000014251,42.027153999865554],[-93.66043900040908,42.0282570002747]]}},{"type":"Feature","properties":{"kind":"road","class":"local","name":"Morningside St","code":"S1400"},"geometry":{"type":"LineString","coordinates":[[-93.6615599999673,42.01779700032372],[-93.66314000000814,42.017811000196076],[-93.6632420001154,42.01783999968353]]}},{"type":"Feature","properties":{"kind":"road","class":"local","name":"Daley Dr","code":"S1400"},"geometry":{"type":"LineString","coordinates":[[-93.64472400038947,42.03388199993556],[-93.64487099980425,42.03388099976863],[-93.6461620001401,42.033880000268866],[-93.64667199977802,42.0338739999339],[-93.64706599996333,42.03386899976556],[-93.64747600004215,42.033863000096794],[-93.64788699994588,42.03385799992759],[-93.64835099955307,42.03385200025779],[-93.64834999972817,42.03387799993486]]}},{"type":"Feature","properties":{"kind":"road","class":"local","name":"Little Bluestem Ct","code":"S1400"},"geometry":{"type":"LineString","coordinates":[[-93.64554100017408,42.00946800026272],[-93.64566699967244,42.00943300032338],[-93.64590100002418,42.00938399997543],[-93.64619099955411,42.00936400027205],[-93.64663599979303,42.00943099988764],[-93.64693200006904,42.009562999810406],[-93.6471270000627,42.00965000017101],[-93.64724599988838,42.00976200006113],[-93.64733700012499,42.00986500019126]]}},{"type":"Feature","properties":{"kind":"road","class":"local","name":"Co Rd E41","code":"S1400"},"geometry":{"type":"LineString","coordinates":[[-93.62297500043675,42.02287000001511],[-93.62364300025843,42.02287499971401],[-93.62379300004626,42.022876000054126],[-93.6252180002764,42.02287499971401],[-93.62679599976912,42.02287200002818],[-93.6283370003502,42.02286300030253],[-93.6295759999092,42.022851000221486],[-93.62982299978141,42.022849000207756],[-93.63071099971111,42.02283900013813],[-93.63112699963773,42.0228339997691],[-93.63257299978426,42.022818000320534],[-93.63317500038204,42.022819999667895],[-93.6332370003063,42.02282100000887],[-93.63340899983544,42.02282199968253],[-93.63349800042222,42.02282199968253],[-93.63357100021716,42.02282199968253],[-93.63580599966087,42.02275399981668],[-93.63761500003058,42.02275599983339],[-93.63833599955572,42.02274599974918],[-93.63930800004933,42.02274700009133],[-93.63933399998861,42.02274700009133],[-93.63949299999726,42.022749999783066],[-93.63965299983083,42.02275300014195],[-93.64053900011073,42.022771000290454],[-93.64202399971701,42.022773000306636],[-93.6423479995821,42.022773000306636],[-93.64264100038338,42.022776999671514],[-93.64273799956945,42.0227789996875],[-93.64327800024293,42.02278699975084],[-93.64439700015133,42.022780999703436],[-93.64452099999988,42.02278000002914],[-93.64509000008735,42.02278000002914],[-93.64555600024268,42.02278000002914],[-93.64625400020161,42.02278800009234],[-93.64641300021026,42.02279000010804],[-93.64655600032539,42.02279000010804],[-93.64721999994912,42.022792999797694],[-93.64849899969109,42.02279699982861],[-93.64961799959947,42.0228020002006],[-93.6500710002343,42.02280400021581],[-93.65014900005211,42.02280400021581],[-93.65052599962068,42.022804999889736],[-93.65087499960013,42.02280600023095],[-93.65162299978776,42.0228020002006],[-93.65170999982638,42.0228020002006],[-93.65205499960788,42.02279800017],[-93.65263100026637,42.022786000076636],[-93.6541190002457,42.02275399981668],[-93.65422100035295,42.022751999799894],[-93.6548010003111,42.022741000040135],[-93.65558399976052,42.02274799976615],[-93.65602499980149,42.022751999799894],[-93.65704999999853,42.02275100012513],[-93.65845299958906,42.022749999783066],[-93.65914999972306,42.02275100012513],[-93.65985500025297,42.02275399981668],[-93.66100900032147,42.02276700025791],[-93.66161500021889,42.02278000002914],[-93.66196300037342,42.02278699975084],[-93.66275900024164,42.02278200004503],[-93.66299900044116,42.02278800009234],[-93.66384899983771,42.022806999904844],[-93.66478699999612,42.02281699997946],[-93.66596600017898,42.0228359997833],[-93.66633600007484,42.02284300016615],[-93.66656100020575,42.022841999825516],[-93.66710600000377,42.022841999825516],[-93.66752500030343,42.022841999825516],[-93.66892299987107,42.02286100028918],[-93.67031600031417,42.02288200009257],[-93.67140000006248,42.022906999913076]]}},{"type":"Feature","properties":{"kind":"road","class":"local","name":"Seagrave Blvd","code":"S1400"},"geometry":{"type":"LineString","coordinates":[[-93.6714440004434,42.01125500004726],[-93.6714379996973,42.012044999777174]]}},{"type":"Feature","properties":{"kind":"road","class":"local","name":"Forest Hills Dr","code":"S1400"},"geometry":{"type":"LineString","coordinates":[[-93.65763400015464,42.030471999713825],[-93.65756200018461,42.03046500017097],[-93.65750500028321,42.03048900012565],[-93.6574769997958,42.03052900025238],[-93.65748600001663,42.03066600017878],[-93.65703499992992,42.03103000025827],[-93.65687500009635,42.03111299977006],[-93.65632299972731,42.03122300014587],[-93.65564900005785,42.03119500029878]]}},{"type":"Feature","properties":{"kind":"road","class":"local","code":"S1400"},"geometry":{"type":"LineString","coordinates":[[-93.64303100037073,42.00908700009638],[-93.64296500024847,42.00897800002668]]}},{"type":"Feature","properties":{"kind":"road","class":"local","name":"Blueberry Ct","code":"S1400"},"geometry":{"type":"LineString","coordinates":[[-93.6280190003329,42.004431000189875],[-93.6279980004165,42.00495299995839]]}},{"type":"Feature","properties":{"kind":"road","class":"local","name":"Park Way","code":"S1400"},"geometry":{"type":"LineString","coordinates":[[-93.62729899973435,42.03164800005191],[-93.62741099988735,42.031629000212575],[-93.62752999971303,42.0315990001386],[-93.62767299982818,42.03152100028035],[-93.62777599976033,42.031430999863076],[-93.62783199983683,42.03133699982495]]}},{"type":"Feature","properties":{"kind":"road","class":"local","code":"S1740"},"geometry":{"type":"LineString","coordinates":[[-93.6593139997546,42.01962100016233],[-93.65980800039733,42.01961900004701],[-93.65987199997143,42.019645000206665],[-93.65990100028374,42.01969600010387],[-93.6599129999793,42.01974799968221],[-93.6599129999793,42.01977399978907],[-93.65989100023799,42.01981899992328],[-93.65980400019936,42.01985200004599],[-93.6595899999391,42.01986600013331],[-93.65931999960237,42.01986400002564]]}},{"type":"Feature","properties":{"kind":"road","class":"local","name":"S Hazel Ave","code":"S1400"},"geometry":{"type":"LineString","coordinates":[[-93.62679599976912,42.02287200002818],[-93.62679400011929,42.02282999974045],[-93.62680499998996,42.02253699996453],[-93.62676599963189,42.02161499976152],[-93.6267599997841,42.021000000306294],[-93.62676200033223,42.020455000060736],[-93.62674100041585,42.01928999990652],[-93.62673999969262,42.01923399969885]]}},{"type":"Feature","properties":{"kind":"road","class":"local","name":"Aplin Rd","code":"S1400"},"geometry":{"type":"LineString","coordinates":[[-93.67136900010031,42.01990799970937],[-93.6731969998383,42.01992599999589],[-93.67511499998794,42.01990799970937],[-93.67525100043038,42.01990299977716]]}},{"type":"Feature","properties":{"kind":"road","class":"local","name":"Richardson Ct","code":"S1400"},"geometry":{"type":"LineString","coordinates":[[-93.64097000010594,42.02348100008123],[-93.64058400031657,42.02345500015544],[-93.63985100019757,42.02346999978024],[-93.63936800032378,42.023508999989424]]}},{"type":"Feature","properties":{"kind":"road","class":"local","name":"Mulberry Ct","code":"S1400"},"geometry":{"type":"LineString","coordinates":[[-93.62527400035289,42.007353999684355],[-93.62550199995854,42.00745300004762],[-93.62576100042462,42.00758500006978]]}},{"type":"Feature","properties":{"kind":"road","class":"local","name":"Richardson Ct","code":"S1400"},"geometry":{"type":"LineString","coordinates":[[-93.63913099959902,42.0245399997013],[-93.63964699998304,42.024559000324814],[-93.64108399990876,42.024578000275426],[-93.64124000044269,42.024571999729694],[-93.64124299991741,42.024902999850184],[-93.64125899981094,42.02502400032899],[-93.64129700034408,42.025089999825774],[-93.64140100010117,42.025106000037276],[-93.6416010001177,42.0251159997503]]}},{"type":"Feature","properties":{"kind":"road","class":"local","name":"Brookridge Ave","code":"S1400"},"geometry":{"type":"LineString","coordinates":[[-93.62705100003723,42.032601000018914],[-93.62656599961532,42.0325679998409]]}},{"type":"Feature","properties":{"kind":"road","class":"local","code":"S1740"},"geometry":{"type":"LineString","coordinates":[[-93.63112400016298,42.02291099993682],[-93.63112699963773,42.0228339997691]]}},{"type":"Feature","properties":{"kind":"road","class":"local","name":"Stange Rd","code":"S1400"},"geometry":{"type":"LineString","coordinates":[[-93.64460700021361,42.028905999940164],[-93.64462200028223,42.02951599981583],[-93.64463399997778,42.03000100015588],[-93.64464099965048,42.03036500003989],[-93.64464400002353,42.03043699998999],[-93.6446499998713,42.030574000114676],[-93.64466599976484,42.0309499999429],[-93.64467300033583,42.03111999990885],[-93.64468800040446,42.03146100001634],[-93.64470900032084,42.03197199998518],[-93.64472799968911,42.03228800006733],[-93.64473400043521,42.03236800003316],[-93.64472199984134,42.03288700017681],[-93.64472400038947,42.033831000074514],[-93.64472400038947,42.03388199993556],[-93.64472400038947,42.033955000071],[-93.6447419999328,42.0350140000268],[-93.6447410001079,42.03554199984843],[-93.6447419999328,42.03564500025892],[-93.6447419999328,42.035736000184684],[-93.64474799978059,42.03583300013075],[-93.64474500030586,42.036334999824504],[-93.64474600013077,42.0363910003154],[-93.6447829999407,42.038141999895736],[-93.64478999961338,42.03879499973492],[-93.64479200016154,42.03895299969008],[-93.64479299998645,42.03898200020923],[-93.64482399994858,42.04149899976715],[-93.6448259995984,42.041578000101474],[-93.64482899997145,42.04188600012918],[-93.64483900001719,42.0428289997596],[-93.64482800014653,42.04383000003322],[-93.6448259995984,42.04429799983661],[-93.64486300030664,42.045337999806634],[-93.64486800032951,42.04545200018433],[-93.64479100033662,42.04592200000261],[-93.64480600040524,42.04648700009993],[-93.64481399990284,42.04700900022722],[-93.64481800010078,42.04725100017805],[-93.64481499972776,42.04782799983404],[-93.64481899992572,42.048477999715075],[-93.64484999988784,42.04868399979189],[-93.64489900029166,42.04883299978732],[-93.64495399964493,42.04890300030024],[-93.64497100026168,42.04902000007055],[-93.64499399982789,42.04956099988376],[-93.64497399973641,42.05022799984387],[-93.64495000034528,42.050338999727515],[-93.64491699983499,42.05041300020924],[-93.64488400022304,42.050481999742416],[-93.64487199962915,42.05057700005012],[-93.64484800023803,42.05069699977938],[-93.64483900001719,42.051141000208304],[-93.6448399998421,42.051220999787375],[-93.6448399998421,42.051269000020035],[-93.6448399998421,42.0513319999369],[-93.64484300021515,42.05174600002767],[-93.64484499986497,42.0521710000933],[-93.64484900006293,42.05271800030845],[-93.64485099971276,42.05310899982614],[-93.64485300026088,42.0533860003292],[-93.64485300026088,42.05420499976111],[-93.64485499991072,42.05518099975704],[-93.64483900001719,42.05600799993805],[-93.64482999979636,42.05617200000662],[-93.6448259995984,42.056272000214776]]}},{"type":"Feature","properties":{"kind":"road","class":"local","name":"Village Dr","code":"S1400"},"geometry":{"type":"LineString","coordinates":[[-93.66563200026815,42.02014399979878],[-93.66562700024527,42.01999999985973],[-93.66564899998659,42.019291000303035],[-93.66565300018455,42.018973000213784],[-93.66568499997159,42.01891800012938],[-93.66574500024605,42.01888800006329],[-93.6658680002697,42.0188759998994],[-93.6665029995811,42.01892300013903],[-93.6665519999849,42.01894100003699],[-93.66657799992419,42.01896300020196],[-93.66659800001565,42.01935100004082],[-93.66660200021362,42.020155999723386]]}},{"type":"Feature","properties":{"kind":"road","class":"local","name":"Greenbriar Cir","code":"S1400"},"geometry":{"type":"LineString","coordinates":[[-93.64115400022897,42.01255899979736],[-93.64121600015324,42.01262699988631],[-93.64125499961298,42.01265300023479],[-93.64129899999391,42.012662999903924],[-93.64134300037485,42.01265800006956],[-93.64138799968237,42.01264399973031],[-93.6414189996445,42.01260699986769],[-93.6414189996445,42.012572000320596],[-93.64140600012404,42.01253600025142],[-93.64137400033698,42.01250099999783],[-93.64134300037485,42.01248899996361],[-93.64129300014612,42.01248499995174],[-93.64126800003177,42.012491000303186],[-93.64122899967371,42.01251099969086],[-93.64115400022897,42.01255899979736]]}},{"type":"Feature","properties":{"kind":"road","class":"local","name":"9th St","code":"S1400"},"geometry":{"type":"LineString","coordinates":[[-93.62702500009797,42.03044899997374],[-93.6271049995656,42.03051600006379],[-93.62724100000804,42.030620000163374],[-93.62748799988024,42.03082400032633]]}},{"type":"Feature","properties":{"kind":"road","class":"local","name":"Agg Ave","code":"S1400"},"geometry":{"type":"LineString","coordinates":[[-93.64108499973366,42.016769000035175],[-93.64112900011459,42.01654400026734],[-93.64120000025973,42.016374000033444],[-93.64126399983381,42.0162630002165],[-93.6413530004206,42.016143999975114],[-93.64151099970601,42.01603899977356]]}},{"type":"Feature","properties":{"kind":"road","class":"local","name":"Gray Ave","code":"S1400"},"geometry":{"type":"LineString","coordinates":[[-93.64079600002867,42.02118399998345],[-93.64078799963275,42.02141599989104]]}},{"type":"Feature","properties":{"kind":"road","class":"local","name":"Gable Ln","code":"S1400"},"geometry":{"type":"LineString","coordinates":[[-93.64199500030301,42.02152700005659],[-93.64213800041814,42.0215909997934],[-93.6423950003361,42.02160500016523],[-93.6431779997855,42.0215499996879],[-93.64436899966391,42.0215129996676]]}},{"type":"Feature","properties":{"kind":"road","class":"local","name":"Hawthorne Ct Dr","code":"S1400"},"geometry":{"type":"LineString","coordinates":[[-93.64472400038947,42.033955000071],[-93.64424399999045,42.033951000074886],[-93.64332400027368,42.033952000240774]]}},{"type":"Feature","properties":{"kind":"road","class":"local","name":"Roosevelt Ave","code":"S1400"},"geometry":{"type":"LineString","coordinates":[[-93.62246400007558,42.03019000026597],[-93.6224599998776,42.03047400015502],[-93.62247400012133,42.03127899980306],[-93.62251299958106,42.03328999976178],[-93.62256299980977,42.0345669998463],[-93.62256899965757,42.03583099985821],[-93.62257100020571,42.0383189999868],[-93.62261200021358,42.0386150000251],[-93.6226969997041,42.03879900009329],[-93.62273500023723,42.03895100018293],[-93.6227610001765,42.039287999980374],[-93.6227610001765,42.039779000255734],[-93.6227679998492,42.04006400006679],[-93.62276600019938,42.040243999675106],[-93.62281999972774,42.04047299988903],[-93.62285400006293,42.04056100005475],[-93.62315700001162,42.040971000069156],[-93.62331199982232,42.04118899976106],[-93.6233670000739,42.041246000028444],[-93.62349400029552,42.04146700025399],[-93.62352500025766,42.04154700000732],[-93.62353799977814,42.04161899996603],[-93.62354399962592,42.041940999691086],[-93.62356200006757,42.042076000294074]]}},{"type":"Feature","properties":{"kind":"road","class":"local","name":"Coneflower Ct","code":"S1400"},"geometry":{"type":"LineString","coordinates":[[-93.64318700000634,42.00924700024619],[-93.64322499964116,42.00925599989642],[-93.64328099971766,42.00925900022454],[-93.64332799957333,42.009255000009496],[-93.64337399960407,42.00924100025621],[-93.64342899985566,42.00921300007285],[-93.64346599966558,42.009166999887846],[-93.64348400010725,42.009117000113385],[-93.64347499988642,42.009008000095086]]}},{"type":"Feature","properties":{"kind":"road","class":"local","name":"N Hyland Ave","code":"S1400"},"geometry":{"type":"LineString","coordinates":[[-93.65558399976052,42.02274799976615],[-93.65560200020217,42.02319599998045],[-93.65560899987487,42.023762000269194],[-93.6556170002708,42.024381000301396],[-93.65562399994349,42.02458000023477],[-93.65563999983702,42.024984999714526],[-93.6556540000807,42.02536900030854],[-93.65566499995136,42.02597700017593],[-93.65566900014932,42.026222999967125],[-93.65568800041589,42.0267440001281],[-93.65570699978416,42.027254999980904],[-93.6557109999821,42.02737400011564],[-93.65570500013433,42.02806900001403],[-93.6557109999821,42.028291000276646],[-93.65569000006572,42.029563999765436],[-93.65569000006572,42.029700999769865],[-93.65567599982202,42.030084999903515],[-93.65566400012646,42.03042900022198],[-93.65566199957833,42.03059399982081],[-93.65565699955545,42.030939000266976],[-93.65564900005785,42.03119500029878],[-93.65562800014145,42.031930999901626],[-93.65562399994349,42.032073999980675],[-93.65561300007283,42.032421000113544],[-93.65563499981413,42.03333999988143],[-93.65561499972266,42.03362600005019],[-93.65563800018718,42.034403000044065],[-93.65564099966193,42.03449099994172],[-93.65565099970767,42.03457700007275]]}},{"type":"Feature","properties":{"kind":"road","class":"local","name":"McKinley Dr","code":"S1400"},"geometry":{"type":"LineString","coordinates":[[-93.62589199994588,42.04485099976944],[-93.62678499989845,42.04486099971189],[-93.62757999994174,42.044839999831],[-93.62811700024218,42.044798000048395],[-93.62830600038806,42.044764000204026],[-93.62848399976498,42.04468099984048],[-93.62860299959067,42.0446110000122],[-93.62877099982018,42.0444680001233],[-93.6289490000954,42.044269999745765],[-93.62919199976965,42.043900000054855],[-93.62956099984059,42.043409000268184],[-93.62957099988633,42.04338699989004],[-93.62962699996282,42.04326200026524],[-93.62971499982638,42.043144999897244],[-93.62976900025305,42.04308699997707],[-93.62983700002509,42.04301400032434],[-93.63006499963075,42.042866000049074],[-93.63036599992962,42.04279900030239],[-93.6305199999154,42.04277999979382],[-93.63078199985623,42.04277400029916],[-93.63091599975053,42.04277200024515],[-93.63113300038383,42.04273399987328],[-93.63138100008095,42.04265400028021],[-93.63172699968734,42.04253199997301]]}},{"type":"Feature","properties":{"kind":"road","class":"local","name":"Welch Ave","code":"S1400"},"geometry":{"type":"LineString","coordinates":[[-93.64935499983375,42.01615899998978],[-93.64935499983375,42.01545799997401],[-93.64935499983375,42.01396899978131],[-93.64935300018392,42.01349000020522],[-93.64935099963579,42.01300400022852],[-93.64933399991735,42.011871999994405]]}},{"type":"Feature","properties":{"kind":"road","class":"local","name":"University Blvd","code":"S1400"},"geometry":{"type":"LineString","coordinates":[[-93.63337799987332,42.025657000233004],[-93.63328499998688,42.02508500030111],[-93.63328400016198,42.025058000058095],[-93.63325599967456,42.02397699996626],[-93.63323800013121,42.02293199972374],[-93.6332370003063,42.02282100000887],[-93.63323499975817,42.02269399995315],[-93.63323499975817,42.022679999821165],[-93.63319899977316,42.02216200011035],[-93.63313400037414,42.02178000021478],[-93.63278200002163,42.02071800021751],[-93.63241899979847,42.01981899992328],[-93.63241100030088,42.0197859997835],[-93.63229800032298,42.01931600020065],[-93.63223899987342,42.018893999810714],[-93.63219700004063,42.0171349997901],[-93.63219299984266,42.01672299997534],[-93.63219100019285,42.016485000324025],[-93.63218500034506,42.0163830000101],[-93.63218399962184,42.01634600032033],[-93.63217799977407,42.01623000023356],[-93.63216100005562,42.01592599980786],[-93.63213299956821,42.01428899981373],[-93.63210499997912,42.013863000179],[-93.63213099991839,42.013467000328475],[-93.63221299993415,42.01311200024762],[-93.63234400035373,42.01277000000296],[-93.63253000012656,42.01245500018821],[-93.63277100015098,42.01217700028261],[-93.63303100044199,42.01192999970008],[-93.63343099957673,42.01165499971735],[-93.63372199982989,42.011466999758525],[-93.63379200015008,42.01143800003492],[-93.63410000012166,42.01131400017006],[-93.63472600011055,42.01111699981771],[-93.63530199987073,42.01092699988246],[-93.63622900015851,42.010640999717765],[-93.63684599992656,42.010457000238986],[-93.63719699955583,42.01031699987274],[-93.63749700002982,42.01019100008062],[-93.6377720003894,42.010039999842014],[-93.63802099991145,42.00987600017588],[-93.63825400043827,42.009706000140746],[-93.63848600024185,42.009472999680405],[-93.63875900005334,42.0091600000019],[-93.63897400013849,42.00887800014135],[-93.63919099987348,42.00840700014297],[-93.63925000032302,42.008274999823904],[-93.63927700008719,42.00821500031653],[-93.63929899982851,42.00809800017984],[-93.63932499976777,42.007958999869025],[-93.63932999979065,42.00760899998371],[-93.63934300020945,42.007253999916166],[-93.63931899991998,42.0070479997114],[-93.63931800009509,42.00698699979173],[-93.63929700017869,42.00607499979588],[-93.63930200020155,42.00587600002661],[-93.63933200033878,42.00475999976294],[-93.63935099970703,42.00359299986352],[-93.63936999997362,42.00298800021461],[-93.63936800032378,42.00277300031666],[-93.63937400017157,42.0022150001167],[-93.63939000006509,42.00207400030379],[-93.63940199976068,42.001959000224986],[-93.63940599995863,42.00114399971891],[-93.63940699978353,42.000892000264784],[-93.6393759998214,42.00012500025397],[-93.63936300030092,41.99968900018764],[-93.63935200043026,41.99929999985757],[-93.6393409996613,41.99881400028617],[-93.63932399994286,41.99807000004062],[-93.63930700022443,41.997727000306384],[-93.63929600035377,41.99763299984429],[-93.63929999965342,41.99758000014043],[-93.63934200038452,41.997494000035815],[-93.63937499999648,41.99742799993879]]}},{"type":"Feature","properties":{"kind":"road","class":"local","name":"Hawthorne Ct Dr","code":"S1400"},"geometry":{"type":"LineString","coordinates":[[-93.64238299974221,42.03413800012429],[-93.64239399961285,42.03394099974993],[-93.64239100013813,42.03385799992759],[-93.64237699989442,42.033784000179466],[-93.6423760000695,42.03365800017568]]}},{"type":"Feature","properties":{"kind":"road","class":"local","name":"Beach Rd","code":"S1400"},"geometry":{"type":"LineString","coordinates":[[-93.63949299999726,42.022749999783066],[-93.63949100034743,42.022794999813186],[-93.6394820001266,42.02284500018007],[-93.6394040003088,42.0233389996896],[-93.63936800032378,42.023508999989424],[-93.63923699990423,42.02414000032285],[-93.63913099959902,42.0245399997013],[-93.63911600042871,42.02459599990722],[-93.63901799962112,42.02521600013084],[-93.63899000003202,42.025389999950896],[-93.63896599974257,42.025542000079014],[-93.6389609997197,42.025652999714694],[-93.63895599969682,42.02577099988437],[-93.63897199959035,42.026315000322604],[-93.6389819996361,42.026661999863336],[-93.63899699970472,42.02683300023073],[-93.63904699993343,42.02693600007397],[-93.63914599966763,42.02707000024864],[-93.63918699967552,42.02709700030443],[-93.63930100037663,42.02717099983013],[-93.63949100034743,42.02724600020837],[-93.63964600015814,42.02727800020937],[-93.63987100028903,42.0272830002289],[-93.64019799962887,42.02728099968728],[-93.64077099991431,42.02726199987721],[-93.6414949998125,42.0272580001272]]}},{"type":"Feature","properties":{"kind":"road","class":"local","name":"Scott Cir","code":"S1400"},"geometry":{"type":"LineString","coordinates":[[-93.6605969996945,42.03481600021379],[-93.66062900037988,42.03483899970815],[-93.66069999962667,42.03487800028219],[-93.66071999971817,42.03491200007885],[-93.66072899993901,42.0349369998392],[-93.66073300013696,42.03497000012166],[-93.66071300004546,42.03501199972848],[-93.66066799983963,42.03504200019317],[-93.66063100002971,42.03505500012325],[-93.660588000372,42.035059000049884],[-93.66054300016614,42.03505199967772],[-93.66050100033335,42.03502599981364],[-93.66048200006679,42.03499800030743],[-93.6604839997166,42.03493900013988],[-93.66055900005969,42.03482900019009],[-93.6605969996945,42.03481600021379]]}},{"type":"Feature","properties":{"kind":"road","class":"local","name":"Hawthorne Ct Dr","code":"S1400"},"geometry":{"type":"LineString","coordinates":[[-93.64238299974221,42.03413800012429],[-93.64185899986056,42.034154000060155],[-93.64135099987246,42.034159000206074],[-93.64014800029847,42.03417900011868],[-93.64013400005477,42.0339790000424],[-93.64014199955237,42.033736000080346]]}},{"type":"Feature","properties":{"kind":"road","class":"local","name":"Hawthorne Ct","code":"S1400"},"geometry":{"type":"LineString","coordinates":[[-93.64056599987491,42.03529799971277],[-93.64084399970923,42.035335999861104],[-93.64192599980773,42.03530500005783],[-93.64289400010337,42.03529100003414]]}},{"type":"Feature","properties":{"kind":"road","class":"local","name":"Kingman Rd","code":"S1400"},"geometry":{"type":"LineString","coordinates":[[-93.66360100014059,42.038054999817206],[-93.66317000014537,42.037765999913226],[-93.6627709999372,42.0375820001899],[-93.66235099981262,42.03755899968666],[-93.66198799958947,42.037577999754916],[-93.66169899988446,42.03757500009564],[-93.66149499966997,42.037551000147836],[-93.66132399996575,42.03750100000506],[-93.6611239999492,42.03739699982226],[-93.66096499994055,42.037295999809],[-93.66075900007621,42.0371580000466],[-93.6606440004485,42.037066000038536],[-93.66028399970007,42.036784999943514],[-93.66002799960704,42.036684999747635],[-93.65943199975537,42.03662499968802],[-93.65917700038555,42.03663099976326],[-93.65896700032327,42.036644000035515],[-93.65865699980357,42.036655000058516],[-93.6584190001522,42.03668599987044],[-93.6583069999992,42.03681799993356],[-93.65830299980124,42.03702100010212],[-93.65831500039512,42.037577999754916]]}},{"type":"Feature","properties":{"kind":"road","class":"local","name":"Hayes Ave","code":"S1400"},"geometry":{"type":"LineString","coordinates":[[-93.63148900003597,42.041954000211355],[-93.63151099977729,42.042174999975806],[-93.6315540003333,42.04227000003079],[-93.63161200005962,42.042365999977136],[-93.63172699968734,42.04253199997301],[-93.63189300026701,42.04274200009388],[-93.63210300032928,42.04304000025595],[-93.63253799962416,42.04362000017272],[-93.63293299963439,42.0442100001767],[-93.63339799996479,42.044839999831],[-93.63355799979836,42.04510299983968],[-93.63361600042299,42.04521999993757],[-93.6336249997455,42.045402000254526],[-93.63361700024791,42.045456000123664],[-93.6336020001793,42.045561999757936],[-93.6336039998291,42.04639700019653]]}},{"type":"Feature","properties":{"kind":"road","class":"local","name":"N Hazel Ave","code":"S1400"},"geometry":{"type":"LineString","coordinates":[[-93.62679599976912,42.02287200002818],[-93.62678999992133,42.023020999824055],[-93.62679499994418,42.02346199980284],[-93.62679999996706,42.02402100014052],[-93.62680599981485,42.02462200003376],[-93.62681199966264,42.025181999818905],[-93.62681500003569,42.02578899984573],[-93.62679499994418,42.025963999723785],[-93.626732000195,42.02609499974429],[-93.62667000027074,42.02622600016212],[-93.62663799958536,42.02635799992814]]}},{"type":"Feature","properties":{"kind":"road","class":"local","name":"Northcrest Dr","code":"S1400"},"geometry":{"type":"LineString","coordinates":[[-93.63293799965724,42.04224000030968],[-93.63293600000742,42.04228900002471],[-93.63292699978659,42.04234599997246],[-93.63291500009102,42.04240399990194],[-93.63290400022038,42.042459999714566],[-93.63289699964938,42.04251800020713],[-93.63289499999954,42.04257599997956],[-93.63289800037259,42.04263499972828],[-93.6329059998702,42.04268899994777],[-93.63292099993882,42.042740000038854],[-93.63294199985522,42.04278800000868],[-93.6329689996194,42.04283699996824],[-93.63299899975661,42.04288599989001],[-93.63303399991672,42.042935999798495],[-93.63307099972663,42.04298699969128],[-93.6331109999096,42.0430410002788],[-93.63315199991747,42.043096000175204],[-93.63319399975028,42.043153000066084],[-93.63323599958308,42.04321099992605],[-93.63327800031419,42.043270999771444],[-93.6333209999719,42.04333300026372],[-93.63336500035282,42.04339500002841],[-93.63340999966034,42.04345599971635],[-93.6334549998662,42.04351700001281],[-93.63349800042222,42.04357700023637],[-93.63354199990484,42.04363299968227],[-93.63364300018716,42.04372500018973],[-93.6337019997384,42.04375799991144],[-93.63376000036304,42.04378200018351],[-93.6338709997928,42.043808999811546],[-93.63395600018161,42.0438229999601],[-93.63403700037247,42.04382099993906],[-93.63402599960351,42.043853000268044],[-93.63396799987717,42.043930999668135],[-93.63396600022736,42.04410200027579],[-93.63400600041032,42.044203000145444],[-93.63403800019738,42.04431699989122],[-93.63413299973362,42.04447200012458],[-93.63425699958219,42.04462199999033],[-93.63443499985742,42.04485399975236],[-93.63464699956953,42.04514800005676],[-93.63482900004271,42.04526400008395],[-93.63490299966256,42.04531800007037],[-93.63498300002851,42.04535100029891]]}},{"type":"Feature","properties":{"kind":"road","class":"local","code":"S1630"},"geometry":{"type":"LineString","coordinates":[[-93.63314900044276,42.003422999726844],[-93.63409699974862,42.00342199974825],[-93.63449799960661,42.00340500010986],[-93.63534100022878,42.003386999820215],[-93.63592399966166,42.00338099994506],[-93.63671200003226,42.003420999769624],[-93.63724699978455,42.00347000003781]]}},{"type":"Feature","properties":{"kind":"road","class":"local","name":"Donald St","code":"S1400"},"geometry":{"type":"LineString","coordinates":[[-93.64429400021916,42.0170219997696],[-93.64519499966934,42.01703800000914],[-93.64636700017951,42.01703200008666],[-93.64849500039143,42.01698999994582]]}},{"type":"Feature","properties":{"kind":"road","class":"local","name":"Cornflower Ct","code":"S1400"},"geometry":{"type":"LineString","coordinates":[[-93.64303100037073,42.00908700009638],[-93.64306499980759,42.0091600000019],[-93.6431069996404,42.00920999974255],[-93.64314400034863,42.00923199993636],[-93.64318700000634,42.00924700024619],[-93.64322499964116,42.00925599989642],[-93.64328099971766,42.00925900022454],[-93.64332799957333,42.009255000009496],[-93.64337399960407,42.00924100025621],[-93.64342899985566,42.00921300007285],[-93.64346599966558,42.009166999887846],[-93.64348400010725,42.009117000113385],[-93.64347499988642,42.009008000095086]]}},{"type":"Feature","properties":{"kind":"road","class":"local","name":"Story St","code":"S1400"},"geometry":{"type":"LineString","coordinates":[[-93.6616300002875,42.02414899986775],[-93.66268499972348,42.02415899973135],[-93.66301299978655,42.02416700028838]]}},{"type":"Feature","properties":{"kind":"road","class":"local","name":"Elwood Dr","code":"S1400"},"geometry":{"type":"LineString","coordinates":[[-93.63337799987332,42.025657000233004],[-93.6334199997061,42.0269929997794],[-93.63346400008703,42.02723300001567],[-93.63359499960828,42.02755499989918],[-93.63363399996635,42.027649999789524]]}},{"type":"Feature","properties":{"kind":"road","class":"local","name":"Arkansas Dr","code":"S1400"},"geometry":{"type":"LineString","coordinates":[[-93.67263299977368,42.03142200001448],[-93.67344799990845,42.03142900011925],[-93.67381899962923,42.03144399986447],[-93.67424999962444,42.03149299989726]]}},{"type":"Feature","properties":{"kind":"road","class":"local","name":"Center Dr","code":"S1400"},"geometry":{"type":"LineString","coordinates":[[-93.63944699996651,42.01960700002112],[-93.63869600030415,42.01961999977102],[-93.6373420002191,42.01964399981568],[-93.63594899977602,42.01963500030052],[-93.63586000008756,42.01963399990942],[-93.6357579999803,42.01963500030052],[-93.63403599964924,42.01968199997916],[-93.63376600021083,42.01968400009251],[-93.63318600025268,42.01968699992869],[-93.63287400008315,42.01970800011301],[-93.63266700039392,42.01973499995843],[-93.63259100022593,42.01974600023821],[-93.63241100030088,42.0197859997835]]}},{"type":"Feature","properties":{"kind":"road","class":"local","code":"S1400"},"geometry":{"type":"LineString","coordinates":[[-93.64018299956025,42.03369199995769],[-93.64017000003977,42.03293500024981],[-93.64014199955237,42.03250799989792],[-93.64014400010052,42.032404999741416]]}},{"type":"Feature","properties":{"kind":"road","class":"local","name":"Ellis St","code":"S1400"},"geometry":{"type":"LineString","coordinates":[[-93.65945699986973,42.02584900012512],[-93.66014899998086,42.025881999787494],[-93.66142400042317,42.02590499984538]]}},{"type":"Feature","properties":{"kind":"road","class":"local","name":"Ontario St","code":"S1400"},"geometry":{"type":"LineString","coordinates":[[-93.65665499998832,42.034477999896275],[-93.65592600006728,42.034476000248326],[-93.65564099966193,42.03449099994172]]}},{"type":"Feature","properties":{"kind":"road","class":"local","name":"Pearson Ave","code":"S1400"},"geometry":{"type":"LineString","coordinates":[[-93.64243100032111,42.019059999716234],[-93.6424389998187,42.01883400030913],[-93.64246899995594,42.018471000215136],[-93.64246300010817,42.018419000259996],[-93.64242100027536,42.01839699990678],[-93.64208800018942,42.018247999953616]]}},{"type":"Feature","properties":{"kind":"road","class":"local","name":"Ashmore Dr","code":"S1400"},"geometry":{"type":"LineString","coordinates":[[-93.6393890002402,42.010922999772305],[-93.64003399959734,42.010935000101966],[-93.64070599961698,42.01091000024699],[-93.64110200035041,42.01089899977376],[-93.64161799983614,42.010814000178755],[-93.64167700028568,42.01079699984566],[-93.6420370001358,42.01069300002541],[-93.64225399987077,42.01062400000592],[-93.64266899997246,42.010543000177684],[-93.64284399987466,42.010529999907234],[-93.64299500038571,42.01053200030846],[-93.64305300011202,42.01055300017853],[-93.64314599999844,42.010585999769745],[-93.64324499973264,42.01064300011545],[-93.64331400022795,42.01069399988969],[-93.64335500023581,42.01072399981635],[-93.64344999977206,42.010858000116784],[-93.6434799999093,42.01100299992466],[-93.64348300028233,42.01127599967864],[-93.64343700025158,42.011516999688205],[-93.6434170001601,42.01157899978669],[-93.64345099959698,42.011706000015124],[-93.64348900013013,42.01179399996159],[-93.64357500034386,42.011841999941765],[-93.64371799956066,42.01188099994067],[-93.64390500005672,42.01188000009506],[-93.64408900017975,42.0118880001947],[-93.64423999979249,42.0119169997131],[-93.64438299990762,42.01197400020103],[-93.64453400041867,42.01209599976224]]}},{"type":"Feature","properties":{"kind":"road","class":"local","name":"Ross Rd","code":"S1400"},"geometry":{"type":"LineString","coordinates":[[-93.67134499981088,42.03224400027671],[-93.6716419999118,42.0322659998422],[-93.67316500005124,42.03231099980925],[-93.67361799978777,42.032313999716976],[-93.67404200011029,42.03229900017702],[-93.67445700021199,42.03224000017292],[-93.67475900033578,42.03219500015561],[-93.67494400028372,42.03216299996079],[-93.67548400005889,42.03215000010644],[-93.67599000039716,42.032147000190974],[-93.67657399965495,42.03216000004599],[-93.67685200038761,42.03216599987551],[-93.67873200000412,42.03218299983423]]}},{"type":"Feature","properties":{"kind":"road","class":"local","code":"S1400"},"geometry":{"type":"LineString","coordinates":[[-93.63574299991168,42.01911399994592],[-93.63574499956152,42.019185000227544],[-93.63575100030762,42.01940500002335],[-93.6357579999803,42.01963500030052]]}},{"type":"Feature","properties":{"kind":"road","class":"local","name":"Mortensen Rd","code":"S1400"},"geometry":{"type":"LineString","coordinates":[[-93.63919099987348,42.00840700014297],[-93.63939099989001,42.00846399977133]]}},{"type":"Feature","properties":{"kind":"road","class":"local","name":"Mortensen Rd","code":"S1400"},"geometry":{"type":"LineString","coordinates":[[-93.63941900037742,42.008313000105666],[-93.63925000032302,42.008274999823904]]}},{"type":"Feature","properties":{"kind":"road","class":"local","name":"Tangerine Ln","code":"S1400"},"geometry":{"type":"LineString","coordinates":[[-93.62699599978566,42.00807899997758],[-93.62692800001359,42.00802100009799],[-93.62685699986848,42.00797499971858],[-93.62623699972735,42.00797800010712],[-93.62592999958072,42.007979999921055],[-93.62544699970694,42.00796799970143]]}},{"type":"Feature","properties":{"kind":"road","class":"local","name":"Ridgewood Ave","code":"S1400"},"geometry":{"type":"LineString","coordinates":[[-93.62536200021644,42.02675900031158],[-93.62535800001848,42.027126999833975],[-93.62536800006421,42.02736700023167],[-93.62544599988202,42.02812999973358],[-93.62550500033159,42.0284949999066],[-93.62565000009654,42.02918499969083],[-93.62582599982363,42.03018799981588],[-93.62590199999161,42.03082600008918],[-93.62597399996164,42.031278000262375],[-93.6259789999845,42.03131199998304],[-93.62603699971083,42.03152199981722],[-93.62605400032758,42.03160600022383],[-93.62615200023687,42.03189900024116],[-93.62626500021479,42.032127999833556],[-93.62633299998684,42.03224499980221],[-93.62656599961532,42.0325679998409],[-93.62658900007989,42.03259900031191],[-93.62686400043948,42.0329139997636],[-93.62690899974702,42.03296599987462],[-93.62710600028882,42.03316100024553],[-93.62729200006164,42.03337300032587],[-93.62745699991811,42.03356400009487],[-93.62756900007109,42.033733000239785],[-93.62762099994964,42.03388099976863],[-93.62762500014759,42.03404999973783],[-93.62758900016257,42.03436200019418],[-93.62757200044413,42.034544999742785],[-93.62757800029192,42.03456299988869],[-93.62758800033767,42.03459599969808],[-93.62758900016257,42.03475900018363],[-93.62759699966018,42.03494400022403],[-93.6276750003763,42.035119000253566],[-93.62777699958524,42.0352370001997],[-93.62806199999058,42.035441999698314],[-93.62820599993064,42.03558200013131],[-93.62849299998581,42.03585099991188],[-93.62872099959145,42.036219000175805],[-93.62904399963163,42.03667899967749],[-93.62944600021285,42.03743199971673],[-93.62965799992496,42.03801800006216],[-93.62971900002434,42.03815900025755],[-93.62979600001722,42.038261000331644],[-93.6299700000945,42.038556999972975],[-93.63104499962198,42.04009600028645],[-93.63153000004387,42.04080499999802],[-93.63232099988919,42.04192899987565]]}},{"type":"Feature","properties":{"kind":"road","class":"local","code":"S1630"},"geometry":{"type":"LineString","coordinates":[[-93.63933200033878,42.00475999976294],[-93.63923000023154,42.00459999967585],[-93.63904100008564,42.00423099998522],[-93.6388629998104,42.00402699994313],[-93.63860500006754,42.003845999940665],[-93.63841000007388,42.00374799994575],[-93.6381439999351,42.003649999799826],[-93.63774100042727,42.003553000147136],[-93.63740800034135,42.00349400016899],[-93.63724699978455,42.00347000003781]]}},{"type":"Feature","properties":{"kind":"road","class":"local","name":"Torrey Pines Rd","code":"S1400"},"geometry":{"type":"LineString","coordinates":[[-93.6456419995581,42.043862999700444],[-93.64560499974817,42.04361500010406],[-93.64562400001475,42.04307499971093],[-93.64560100044854,42.04260100006069],[-93.64560700029631,42.04245300015765],[-93.64559899990039,42.042358999742724],[-93.64561599961884,42.04233600030136],[-93.64563300023559,42.04231300018454],[-93.64570299965746,42.04228599992072],[-93.64579700026711,42.04226199975071],[-93.64606599988062,42.042258000277435],[-93.64702199958239,42.04224499981941],[-93.64713399973539,42.042267999960856],[-93.64722900016994,42.04231100011596],[-93.64729199991915,42.04236499994372],[-93.6484929998433,42.04392600029107]]}},{"type":"Feature","properties":{"kind":"road","class":"local","name":"Tripp St","code":"S1400"},"geometry":{"type":"LineString","coordinates":[[-93.661574000211,42.02004299973202],[-93.66183000030405,42.0200410002973],[-93.66208800004691,42.02003200017094],[-93.66242799980553,42.02002599986356],[-93.66268999974635,42.02004600021864],[-93.6630039995657,42.02008900005981],[-93.66323600026762,42.02013600007024],[-93.66340799979675,42.020148999712035],[-93.66475299966095,42.0201380001693],[-93.66563200026815,42.02014399979878],[-93.66660200021362,42.020155999723386],[-93.66703499985866,42.02016100030303],[-93.66715200003452,42.020169999743736],[-93.66759600044854,42.0201620000185],[-93.6679169999406,42.020159999920196],[-93.66867699982379,42.02014500018186],[-93.66906900035927,42.02011099982762],[-93.66921599977402,42.020091000160356],[-93.66945699979847,42.02001300019667],[-93.66970700004372,42.01995400013488],[-93.66997599965723,42.01989000008513],[-93.67027000028342,42.01986600013331],[-93.67136900010031,42.01990799970937]]}},{"type":"Feature","properties":{"kind":"road","class":"local","name":"Hawthorne Ct","code":"S1400"},"geometry":{"type":"LineString","coordinates":[[-93.63928200011007,42.03365599983469],[-93.63826600013384,42.033485999979064],[-93.63798099972847,42.033426000235465]]}},{"type":"Feature","properties":{"kind":"road","class":"local","code":"S1400"},"geometry":{"type":"LineString","coordinates":[[-93.64933399991735,42.011871999994405],[-93.64935400000881,42.01173399976859],[-93.64935400000881,42.01138099973415],[-93.64932800006957,42.0107010002743],[-93.64935400000881,42.01013800015703],[-93.64926299977223,42.00983800016034],[-93.64915800019025,42.0096150003318],[-93.64908000037245,42.00924900002027],[-93.64905400043317,42.00918300010107]]}},{"type":"Feature","properties":{"kind":"road","class":"local","name":"Coy St","code":"S1400"},"geometry":{"type":"LineString","coordinates":[[-93.66483399985181,42.01789599978399],[-93.66565099963641,42.01788799977263],[-93.66684800026091,42.017889000191246],[-93.66758899987754,42.01787699983885],[-93.67075499980702,42.017897999953504]]}},{"type":"Feature","properties":{"kind":"road","class":"local","name":"Oliver Cir","code":"S1400"},"geometry":{"type":"LineString","coordinates":[[-93.66614500027912,42.028385000148184],[-93.66613500023338,42.02874299979184],[-93.6661150001419,42.0290790000948]]}},{"type":"Feature","properties":{"kind":"road","class":"local","name":"Orange Ave","code":"S1400"},"geometry":{"type":"LineString","coordinates":[[-93.62623699972735,42.00797800010712],[-93.62660900017136,42.007536000300874],[-93.62768700007187,42.00627600014524],[-93.62801799960965,42.005875000086554],[-93.62805799979263,42.00574399979601],[-93.62807200003634,42.00556599984028]]}},{"type":"Feature","properties":{"kind":"road","class":"local","code":"S1400"},"geometry":{"type":"LineString","coordinates":[[-93.63947700010374,42.02200799986953],[-93.63898300035932,42.02202400018927],[-93.63887799987901,42.02200300010245],[-93.6388489995667,42.021986000090685],[-93.63880300043427,42.0219430001976],[-93.63858599980097,42.02164200013194],[-93.63851499965585,42.021492000079434],[-93.63847299982307,42.02135899985696],[-93.63842199976945,42.0206200001873],[-93.63844500023399,42.02043900001355],[-93.63852600042483,42.020206999878134],[-93.63863299965664,42.01999999985973],[-93.6387070001748,42.01981300026318],[-93.63869600030415,42.01961999977102]]}},{"type":"Feature","properties":{"kind":"road","class":"local","name":"Briarwood Pl","code":"S1400"},"geometry":{"type":"LineString","coordinates":[[-93.66338699988036,42.02645300027255],[-93.66340000029915,42.02658599984898],[-93.66340100012405,42.02671500003027],[-93.66341100016979,42.02681300000861],[-93.66343000043638,42.026883999701035],[-93.66353699966817,42.02703100022197],[-93.66364200014849,42.02709700030443],[-93.66374799955538,42.02714300020007]]}},{"type":"Feature","properties":{"kind":"road","class":"local","name":"Hughes St","code":"S1400"},"geometry":{"type":"LineString","coordinates":[[-93.64247800017675,42.01695500014102],[-93.6426070000482,42.017066999849085],[-93.64271800037626,42.0171719996882],[-93.64320299989986,42.017215999899754],[-93.643269999847,42.01724000018435],[-93.6435999995599,42.01690700001511],[-93.64396100013323,42.01659199999982]]}},{"type":"Feature","properties":{"kind":"road","class":"local","name":"Garfield Cir","code":"S1400"},"geometry":{"type":"LineString","coordinates":[[-93.6696359998986,42.03376299997378],[-93.66937300013288,42.03375799979666],[-93.66922300034504,42.03374699993948],[-93.66913899978114,42.03372900022969],[-93.66910500034427,42.03367899974882],[-93.66910399962104,42.033635000253895],[-93.66912000041289,42.033591000061314],[-93.66921199957608,42.03354699983828],[-93.66964099992148,42.03353899979444]]}},{"type":"Feature","properties":{"kind":"road","class":"local","name":"McCarthy Rd","code":"S1400"},"geometry":{"type":"LineString","coordinates":[[-93.63937499999648,42.01366400007689],[-93.6409740003039,42.01368100031118],[-93.64280399969168,42.01367100013464]]}},{"type":"Feature","properties":{"kind":"road","class":"local","name":"McDonald Dr","code":"S1400"},"geometry":{"type":"LineString","coordinates":[[-93.67058699957751,42.02366200027101],[-93.67088700005148,42.023654000317755],[-93.67089100024944,42.023475999762645],[-93.67089399972419,42.02336599999528],[-93.67090600031806,42.02315999991897],[-93.67097699956486,42.0231530002383],[-93.67140000006248,42.023155999910884]]}},{"type":"Feature","properties":{"kind":"road","class":"local","code":"S1740"},"geometry":{"type":"LineString","coordinates":[[-93.65244999961809,42.044322999907315],[-93.65247999975533,42.04427399975951],[-93.65248899997616,42.0442420003097],[-93.65249200034921,42.044209000172245],[-93.65248899997616,42.04417500001272],[-93.65248099958025,42.04414299984593],[-93.65246800005976,42.044111999669],[-93.6524429999454,42.044057999991736],[-93.65243299989966,42.044046999916006],[-93.65242700005189,42.04403399982398],[-93.65242600022697,42.04401899971454],[-93.65243000042493,42.0440050002763],[-93.65243799992253,42.0439930001835],[-93.65244999961809,42.04398500012042],[-93.65245999966385,42.04397900007241],[-93.65246899988466,42.043971000007566],[-93.65247599955737,42.04396199993338],[-93.65248200030345,42.043951999849476],[-93.6524859996031,42.04394099975534],[-93.65248800015124,42.04392900031763],[-93.65248800015124,42.04391800021951],[-93.6524859996031,42.04390600011032],[-93.65248300012837,42.04389500000822],[-93.65247899993041,42.0438719997886],[-93.65247899993041,42.04384900022779],[-93.65248200030345,42.04382599999157],[-93.65248899997616,42.04380399975775],[-93.65249999984681,42.04378300019463],[-93.65251300026561,42.04376399998032],[-93.65252999998404,42.04374799979543],[-93.65256699979396,42.04370799998274],[-93.65260000030425,42.04366400009297],[-93.6526270000684,42.043617000131526],[-93.65264799998481,42.04356700009187],[-93.65266300005342,42.04351499998215],[-93.65267200027426,42.04346099979753],[-93.65267399992409,42.04340700023416],[-93.65268099959677,42.04328500003854],[-93.65269300019067,42.0431630002758],[-93.6527099999091,42.04304200030157],[-93.65271800030501,42.043007000161325],[-93.6527319996504,42.04297300002566],[-93.65275099991698,42.04294199994501],[-93.65277500020642,42.04291499994848],[-93.65280399962043,42.042891000016056],[-93.65283499958257,42.04287300022763],[-93.65286999974265,42.04285999989539],[-93.65299799978918,42.04279700024912]]}},{"type":"Feature","properties":{"kind":"road","class":"local","name":"Gray Ave","code":"S1400"},"geometry":{"type":"LineString","coordinates":[[-93.64180399960898,42.021330999669324],[-93.64176799962398,42.02115500001891],[-93.64178199986767,42.0209350002713]]}},{"type":"Feature","properties":{"kind":"road","class":"local","name":"S Riverside Dr","code":"S1400"},"geometry":{"type":"LineString","coordinates":[[-93.62963799983348,42.00724599990123],[-93.62963399963552,42.0059649999668],[-93.62963299981062,42.00562699978745],[-93.6296110000693,42.004431000189875]]}},{"type":"Feature","properties":{"kind":"road","class":"local","name":"Hillcrest Ave","code":"S1400"},"geometry":{"type":"LineString","coordinates":[[-93.65943599995333,42.024954000201404],[-93.65945699986973,42.02584900012512],[-93.65946799974039,42.026359000213446]]}},{"type":"Feature","properties":{"kind":"road","class":"local","name":"Pammel Dr","code":"S1400"},"geometry":{"type":"LineString","coordinates":[[-93.64152499994972,42.030519000056245],[-93.64248400002455,42.03053200024417],[-93.64327099967191,42.03054700020111],[-93.64428499999832,42.03056699991574],[-93.64450900030431,42.03056999990579],[-93.6445710002286,42.030571999676624],[-93.6446499998713,42.030574000114676],[-93.64480100038236,42.030571999676624],[-93.64494299977427,42.03056999990579],[-93.64594100020715,42.03056200015452],[-93.64735800004138,42.03054899997268],[-93.64792399975582,42.030547999753296],[-93.64909299989291,42.03054299999052],[-93.65027000042595,42.03053800022735],[-93.65070700026894,42.03052900025238],[-93.65088200017114,42.03052600026041],[-93.65120699986115,42.030481999917356],[-93.6512810003793,42.030471999713825],[-93.65189899997227,42.03042600022529],[-93.65336000018743,42.030404000022955],[-93.65354000011249,42.03040100002514],[-93.65416799975121,42.03042500000397],[-93.65433400033088,42.030430999997265],[-93.6544980003624,42.0304209997857],[-93.65462300003587,42.03037800025931],[-93.65475600010525,42.03029000000513],[-93.65497500038838,42.03010900000165],[-93.6551240003513,42.029934000190224],[-93.65524400000189,42.02983399989106],[-93.6554070002085,42.0297069998315],[-93.65549699972188,42.02964200002334],[-93.65569000006572,42.029563999765436]]}},{"type":"Feature","properties":{"kind":"road","class":"local","name":"Iowa State University","code":"S1400"},"geometry":{"type":"LineString","coordinates":[[-93.65014900005211,42.02280400021581],[-93.65013800018147,42.022937000085065],[-93.65010800004424,42.022998999728365],[-93.65003299970117,42.023081999715885],[-93.64998199964755,42.02325299970241],[-93.6498860002864,42.02339100029277],[-93.64986700001981,42.0234190002406],[-93.64969899979033,42.023597999949416],[-93.64947100018469,42.023778000147544],[-93.64945500029117,42.02381300020106]]}},{"type":"Feature","properties":{"kind":"road","class":"local","name":"Friley Rd","code":"S1400"},"geometry":{"type":"LineString","coordinates":[[-93.63938500004224,42.01486100009035],[-93.64246800013102,42.01487400014305],[-93.64291699966958,42.01486400015409]]}},{"type":"Feature","properties":{"kind":"road","class":"local","name":"Roosevelt Cir","code":"S1400"},"geometry":{"type":"LineString","coordinates":[[-93.62355700004471,42.04228599992072],[-93.62353600012831,42.042318999722674],[-93.62350299961803,42.04234399990493],[-93.62347000000607,42.042382999876054],[-93.6234580003105,42.04241899972553],[-93.62347199965589,42.04246399984226],[-93.62349900031838,42.042486999904426],[-93.62353899960304,42.04250599983347],[-93.62358200015908,42.04250899992713],[-93.6236409997103,42.042502999739725],[-93.62368400026631,42.0424760002238],[-93.6236979996117,42.0424500000614],[-93.6236979996117,42.042402999869076],[-93.62368400026631,42.04236800004397],[-93.62364499990827,42.04232599996149],[-93.62355700004471,42.04228599992072]]}},{"type":"Feature","properties":{"kind":"road","class":"local","name":"Lime Ct","code":"S1400"},"geometry":{"type":"LineString","coordinates":[[-93.62523599981975,42.0052300001116],[-93.62563800040097,42.00522299979245],[-93.62629000032912,42.00524100023015]]}},{"type":"Feature","properties":{"kind":"road","class":"local","name":"Murray Dr","code":"S1400"},"geometry":{"type":"LineString","coordinates":[[-93.62043200012312,42.03929000014406],[-93.62058299973586,42.039287999980374],[-93.62209199963159,42.039273000084805],[-93.6227610001765,42.039287999980374],[-93.62577499977,42.03923899995256]]}},{"type":"Feature","properties":{"kind":"road","class":"local","name":"Stotts Rd","code":"S1400"},"geometry":{"type":"LineString","coordinates":[[-93.64133400015402,42.03931300002083],[-93.64134199965162,42.03939199973713],[-93.64139199988033,42.039653000128425],[-93.64142000036775,42.039830000013836],[-93.64141500034486,42.039983999780695],[-93.64140000027625,42.0400670002757],[-93.64138400038273,42.04010099996492],[-93.64126399983381,42.04034699980356],[-93.64108100043401,42.0406909999552],[-93.64102799983226,42.04080499999802],[-93.64099000019743,42.040885999974364],[-93.64089800013592,42.04105199983389],[-93.64088899991509,42.041091999984395],[-93.64085200010516,42.041255999871126],[-93.64084399970923,42.04142600029136],[-93.64084500043248,42.04170299970354],[-93.64084899973211,42.04187000013852],[-93.64089300011304,42.042076000294074],[-93.64100400044113,42.04243799967495],[-93.64106200016744,42.042608000268444],[-93.64118000016822,42.042825999681064],[-93.64125899981094,42.043012000277834],[-93.6412760004277,42.04310300032842]]}},{"type":"Feature","properties":{"kind":"road","class":"local","code":"S1400"},"geometry":{"type":"LineString","coordinates":[[-93.63594899977602,42.01911300021397],[-93.63594899977602,42.01901100011086],[-93.63592600020979,42.018427000204504],[-93.63592500038489,42.01829599973477],[-93.63592500038489,42.01820200029619]]}},{"type":"Feature","properties":{"kind":"railway","class":"railway","name":"Union Pacific RR","code":"R1011"},"geometry":{"type":"LineString","coordinates":[[-93.62284200036734,42.02512099993991],[-93.62394200000918,42.025464999761],[-93.6250989995524,42.02584799983174],[-93.62601900016747,42.0261700000573],[-93.62663799958536,42.02635799992814],[-93.62685699986848,42.026436000115964],[-93.62804000024929,42.02681999995358],[-93.6285909998951,42.02700999978703],[-93.62907499959378,42.02716799967973],[-93.62985499956847,42.027414999802104],[-93.63137699988297,42.02791399980689],[-93.6320539999255,42.02813900004827],[-93.63213299956821,42.02816600031733],[-93.63624000002916,42.02951400001176],[-93.63727500027196,42.02984799978226],[-93.63811499962279,42.030127000069314],[-93.63865600012117,42.03030099979331],[-93.64037400025427,42.03086600000384],[-93.64157699982826,42.03125800010424],[-93.64426300025703,42.032133000138856],[-93.64472799968911,42.03228800006733],[-93.64561300014408,42.032601000018914],[-93.64607699975127,42.03272800030153],[-93.64612199995712,42.03274100003766],[-93.64726699980478,42.03311900008272],[-93.64822699970452,42.03342799991646],[-93.64925699992445,42.03376699998168],[-93.64974900001904,42.033935000087965],[-93.65057800039753,42.03420999980393],[-93.65081199985093,42.03427400011787],[-93.65161600011507,42.03449399974651],[-93.65237599999826,42.03468000004554],[-93.65337899955568,42.034895999666574],[-93.65358699996816,42.03493100027126],[-93.6538220001448,42.03497100027147],[-93.65404200025282,42.035011000246506],[-93.65468400013523,42.035105999669355],[-93.65546699958466,42.03520900011923],[-93.6555200001864,42.03521400018215],[-93.65622999984089,42.03528200006493],[-93.65688500014211,42.03532599975407],[-93.65799400000475,42.035400999851475],[-93.65832600026577,42.03542399980135],[-93.65895300007958,42.03547199996004],[-93.66048999956438,42.03558999991798],[-93.66120099994211,42.03564500025892],[-93.66195199960447,42.03568599994834],[-93.66279699987648,42.03572399986469],[-93.6636789999584,42.03577199979675],[-93.66472300042203,42.035843000158046],[-93.66541600035808,42.03588300025149],[-93.66682599962131,42.03598499997544],[-93.66834100026313,42.03608100007635],[-93.66936499973696,42.0361609999384],[-93.67070499957829,42.03629399988658],[-93.67409599963865,42.03667200015097],[-93.67551500002102,42.036821000295774],[-93.67711000013047,42.03699599982718],[-93.67878300005773,42.03719099984302],[-93.67893299984557,42.037202999886],[-93.67947500016886,42.037258000165394],[-93.68061900019163,42.037384999815856],[-93.68160699968044,42.03749399990188],[-93.68327700013297,42.03768299974862],[-93.68352099963212,42.037708999860065],[-93.68355900016527,42.03771300028686],[-93.68415699966677,42.037776999742015],[-93.6843840003458,42.03780100027166],[-93.68566999976045,42.03794499992329],[-93.68747800030525,42.03813300033021],[-93.68803399997392,42.0381980001286],[-93.68826099975466,42.03822500012798],[-93.68913500033898,42.038313000070936],[-93.68973200001555,42.03838099997376],[-93.69110500036716,42.03852500031263],[-93.69239900017774,42.03867500020744],[-93.69288500042454,42.038727000275095],[-93.69323299968077,42.03877499994057],[-93.69418400025799,42.03887300000677],[-93.69456599984942,42.03891300019463],[-93.69536199971762,42.039001999938385],[-93.69660000035003,42.03915099995756],[-93.69795299971182,42.03930299987236],[-93.69875899962577,42.039383999761874]]}},{"type":"Feature","properties":{"kind":"railway","class":"railway","name":"Union Pacific RR","code":"R1011"},"geometry":{"type":"LineString","coordinates":[[-93.62284200036734,42.02512099993991],[-93.62300899987362,42.02523899976234],[-93.62334799980734,42.025464000128935],[-93.623578999786,42.02565099978911],[-93.62366499999973,42.025720999816556],[-93.62389900035147,42.02597799979997],[-93.62400999978125,42.02610399967971],[-93.62422800023944,42.02635200021767],[-93.62438899989792,42.026639999692904],[-93.62440599961636,42.02668999970522],[-93.62442999990581,42.02675999992333],[-93.62451100009665,42.02699999970461],[-93.62468599999885,42.02839300017342],[-93.62486199972594,42.030178999791296],[-93.62487099994675,42.03029199978478],[-93.62493399969595,42.03061199975113],[-93.6250209997346,42.03090599989334],[-93.62509000022987,42.03108600008549],[-93.62521300025352,42.03132999971004],[-93.6256540002945,42.03212399972246],[-93.62631500044348,42.03323399987459],[-93.62664500015637,42.03377399982819],[-93.62707899962632,42.03456299988869],[-93.62751100034477,42.03536600017291],[-93.62787700004267,42.0359449999462],[-93.6285759998265,42.03697200032787],[-93.62880799963008,42.03728800023706],[-93.62949600044156,42.038259000135525],[-93.63048599958022,42.03964999989998],[-93.63111499994214,42.0405010003189],[-93.63172599986243,42.04140399989374],[-93.63210099978116,42.0419350001172],[-93.63338399972109,42.04373999970151],[-93.63372699985274,42.04418500006153],[-93.63425999995522,42.04494599982597],[-93.63460999975959,42.045426999890765],[-93.6346940003235,42.04554300007565],[-93.63480800012631,42.04569999994828],[-93.63619800019637,42.0476869997476],[-93.63659800022944,42.04820800007943],[-93.63705299961579,42.048865000260086],[-93.63757900004556,42.04960000009417],[-93.63774499972692,42.049821999861145],[-93.63797900007866,42.05013699999284],[-93.63862799963375,42.051070000264026],[-93.63923299970627,42.051907999995706],[-93.63981100001459,42.052725000068506],[-93.6404749996383,42.05366500000231],[-93.64145800000257,42.055027999974726],[-93.6422630000916,42.05620899986189],[-93.64232900021383,42.05630599990281],[-93.64268800023905,42.056786000187145],[-93.64304800008917,42.05727499970172],[-93.64313900032575,42.05739899997038],[-93.64356699994792,42.057980999760616],[-93.64361100032885,42.058041000329574],[-93.64462499975694,42.05949900006376],[-93.64481499972776,42.05975600018274],[-93.64511100000375,42.060186000103286],[-93.64560300009835,42.06085200012349],[-93.64578499967321,42.061126000320776],[-93.64704500004694,42.06287800019191],[-93.64740999991992,42.06339699989391],[-93.64749100011076,42.063512999941146],[-93.64786299965645,42.06404200004511],[-93.64842500007124,42.06480700005844],[-93.64893800008221,42.06551699974762],[-93.64920500004591,42.06594800032979],[-93.64932899989446,42.066207999996344],[-93.64940000003958,42.066375000031094],[-93.64948000040553,42.06661100030945],[-93.6495280000861,42.06677000008995],[-93.64953999978167,42.06684899967347],[-93.64957499994176,42.06708799979008],[-93.64960099988102,42.06723399969766],[-93.64963100001826,42.067657000210765],[-93.64962199979742,42.06789099979456],[-93.64963900041417,42.06902199984968],[-93.6496129995766,42.070038000105946],[-93.64961199975168,42.07012599999301],[-93.64960699972882,42.07070900008099],[-93.64957699959159,42.07487900028474],[-93.64958199961445,42.07544100029294],[-93.64957599976667,42.07611800017361],[-93.64956099969805,42.07796999975261],[-93.64953099956084,42.08261099999142],[-93.64951200019259,42.08398499979078],[-93.64950499962157,42.084806999978746],[-93.64945899959082,42.09034699997436],[-93.64945199991811,42.09244500025194],[-93.64944900044338,42.093582000057346],[-93.64942599997885,42.09551299973606],[-93.64942199978088,42.09600999974029],[-93.64941000008531,42.0976290000455],[-93.64941000008531,42.09949200009353],[-93.6494080004355,42.09963899990463],[-93.64938599979587,42.10091700021158],[-93.64937199955219,42.10175499984434],[-93.64938300032114,42.103215000058384],[-93.64938800034402,42.103976000179905],[-93.64934499978798,42.10633100028619],[-93.64929600028252,42.106813000207524],[-93.6492600002975,42.10715700018905],[-93.64909600026596,42.107872999930116],[-93.64901199970205,42.10823500008331],[-93.6488660001122,42.108921999756284],[-93.64870499955539,42.10967500023341],[-93.64836300014696,42.111225999709724],[-93.64798599968009,42.11299899996798],[-93.64778999986152,42.11395699993542],[-93.64778300018881,42.113989999805646],[-93.64755100038522,42.11511799982108],[-93.64702999997832,42.11741099975501],[-93.64693999956663,42.1178260001826],[-93.64654000043186,42.11966299993154],[-93.6460709999035,42.121678000114926],[-93.64578700022136,42.123013000043116],[-93.64513299974506,42.126087999877335],[-93.64411299957086,42.13078100014648],[-93.64354199983357,42.13333000019039],[-93.64286499979106,42.136416000247955],[-93.64265999975164,42.13737899991756],[-93.64220199999224,42.1395219998453],[-93.64153699964528,42.14247699978713],[-93.64112200044191,42.14353600000689],[-93.64065799993641,42.14431700006319],[-93.64042799978263,42.14462400004604],[-93.64024399965962,42.1448699997932],[-93.64013400005477,42.144996999968185],[-93.6398689997409,42.145301999830274],[-93.63869600030415,42.1466549997624],[-93.63651200001573,42.149061000259366],[-93.63500800014286,42.15078599988998],[-93.63408099985509,42.15182199992126],[-93.63314799971953,42.15286499968011],[-93.6322229999799,42.15390500007695],[-93.63120799982858,42.15504700024235],[-93.63033900016543,42.15587500024172],[-93.62819000003711,42.157989000031044],[-93.62583300039465,42.16024499997534],[-93.62356100024267,42.16246700001802],[-93.62291799963702,42.163102999733056],[-93.6203800002446,42.1656149997434],[-93.61968300011058,42.16630600008754],[-93.61915099983302,42.16683599987264],[-93.61695599967395,42.16895599988545],[-93.61494299998805,42.17092300018854],[-93.61261099956162,42.1732619997272],[-93.61047400002717,42.175327000330526],[-93.61020799988839,42.1755960003252],[-93.60821699994382,42.177539000243854],[-93.60760100000067,42.17814000005205],[-93.6075049997412,42.1782339997038],[-93.60576700041493,42.179854000031796],[-93.60512299998437,42.180477999776606],[-93.60462800041505,42.18095799969139],[-93.60341099969905,42.182069000178004],[-93.60316700019989,42.18232899970018],[-93.60297999970382,42.182527999756545],[-93.60266599988447,42.18294600028067],[-93.60196899975047,42.18387700007872],[-93.60152600005968,42.18455299978066],[-93.60145499991457,42.18471299982989],[-93.60122200028606,42.18523200024388],[-93.60100399982785,42.18584599981295],[-93.60095600014729,42.18598099976191],[-93.60084099962124,42.18654300000636],[-93.60077299984917,42.18705100013037],[-93.60077600022224,42.18707899977738],[-93.60080999965909,42.187495000013996],[-93.60077000037445,42.18930099973633],[-93.60080600035946,42.19050199997651],[-93.60080800000927,42.19081699972578],[-93.60082100042807,42.19212899980843],[-93.60081499968197,42.19270899985099],[-93.60080399981132,42.19374399996889],[-93.60080899983419,42.194903000073175],[-93.60079899978845,42.197828000271045],[-93.60079799996353,42.19813299970744],[-93.60079899978845,42.1985749998108],[-93.60079899978845,42.19861799983799],[-93.60080299998641,42.20121300004147],[-93.60078600026797,42.202224999933755],[-93.60078200007001,42.20244500019585],[-93.60080399981132,42.20396400010585],[-93.60079799996353,42.20531800008447],[-93.60080100033659,42.20858800000559],[-93.60079600031371,42.20925599973911]]}}]}